101,101,x
0,0,u
0,1,u
0,2,u
0,3,u
0,4,u
0,5,u
0,6,b
0,7,u
0,8,u
0,9,b
0,10,b
0,11,b
0,12,u
0,13,b
0,14,u
0,15,u
0,16,b
0,17,u
0,18,b
0,19,u
0,20,u
0,21,u
0,22,u
0,23,u
0,24,u
0,25,u
0,26,u
0,27,u
0,28,b
0,29,u
0,30,b
0,31,u
0,32,b
0,33,b
0,34,u
0,35,u
0,36,u
0,37,u
0,38,u
0,39,u
0,40,u
0,41,u
0,42,u
0,43,u
0,44,u
0,45,b
0,46,b
0,47,b
0,48,u
0,49,u
0,50,b
0,51,b
0,52,u
0,53,u
0,54,b
0,55,b
0,56,u
0,57,u
0,58,u
0,59,u
0,60,u
0,61,b
0,62,b
0,63,u
0,64,b
0,65,u
0,66,u
0,67,u
0,68,u
0,69,u
0,70,b
0,71,b
0,72,b
0,73,b
0,74,u
0,75,b
0,76,u
0,77,u
0,78,b
0,79,b
0,80,u
0,81,u
0,82,b
0,83,u
0,84,u
0,85,u
0,86,u
0,87,u
0,88,u
0,89,u
0,90,u
0,91,u
0,92,u
0,93,b
0,94,u
0,95,u
0,96,u
0,97,b
0,98,b
0,99,b
0,100,u
1,0,u
1,1,b
1,2,u
1,3,u
1,4,u
1,5,u
1,6,b
1,7,b
1,8,u
1,9,b
1,10,b
1,11,u
1,12,b
1,13,b
1,14,u
1,15,b
1,16,u
1,17,u
1,18,u
1,19,u
1,20,u
1,21,u
1,22,u
1,23,u
1,24,u
1,25,b
1,26,b
1,27,u
1,28,b
1,29,b
1,30,b
1,31,b
1,32,b
1,33,u
1,34,b
1,35,b
1,36,u
1,37,u
1,38,u
1,39,b
1,40,u
1,41,u
1,42,u
1,43,u
1,44,u
1,45,u
1,46,u
1,47,u
1,48,b
1,49,u
1,50,u
1,51,u
1,52,b
1,53,u
1,54,u
1,55,u
1,56,u
1,57,u
1,58,u
1,59,u
1,60,u
1,61,b
1,62,b
1,63,b
1,64,b
1,65,b
1,66,u
1,67,u
1,68,u
1,69,b
1,70,u
1,71,u
1,72,u
1,73,u
1,74,u
1,75,b
1,76,u
1,77,u
1,78,b
1,79,u
1,80,u
1,81,u
1,82,u
1,83,u
1,84,b
1,85,u
1,86,u
1,87,u
1,88,u
1,89,u
1,90,u
1,91,b
1,92,b
1,93,u
1,94,b
1,95,u
1,96,u
1,97,u
1,98,u
1,99,u
1,100,u
2,0,b
2,1,u
2,2,b
2,3,u
2,4,u
2,5,u
2,6,b
2,7,b
2,8,u
2,9,u
2,10,u
2,11,b
2,12,b
2,13,u
2,14,u
2,15,u
2,16,b
2,17,b
2,18,b
2,19,u
2,20,b
2,21,u
2,22,u
2,23,u
2,24,u
2,25,u
2,26,u
2,27,b
2,28,b
2,29,u
2,30,u
2,31,u
2,32,u
2,33,b
2,34,u
2,35,u
2,36,b
2,37,u
2,38,u
2,39,u
2,40,u
2,41,u
2,42,b
2,43,u
2,44,u
2,45,u
2,46,u
2,47,u
2,48,b
2,49,b
2,50,b
2,51,u
2,52,u
2,53,u
2,54,u
2,55,b
2,56,b
2,57,u
2,58,b
2,59,b
2,60,b
2,61,u
2,62,u
2,63,b
2,64,u
2,65,u
2,66,u
2,67,u
2,68,u
2,69,u
2,70,u
2,71,u
2,72,u
2,73,b
2,74,u
2,75,b
2,76,u
2,77,u
2,78,u
2,79,u
2,80,u
2,81,u
2,82,u
2,83,b
2,84,b
2,85,u
2,86,u
2,87,u
2,88,b
2,89,u
2,90,u
2,91,u
2,92,b
2,93,b
2,94,u
2,95,b
2,96,b
2,97,u
2,98,b
2,99,u
2,100,b
3,0,b
3,1,u
3,2,b
3,3,u
3,4,u
3,5,u
3,6,b
3,7,u
3,8,b
3,9,u
3,10,b
3,11,u
3,12,b
3,13,b
3,14,b
3,15,u
3,16,u
3,17,u
3,18,u
3,19,u
3,20,u
3,21,u
3,22,u
3,23,u
3,24,u
3,25,u
3,26,b
3,27,u
3,28,b
3,29,b
3,30,b
3,31,b
3,32,u
3,33,b
3,34,u
3,35,u
3,36,u
3,37,u
3,38,b
3,39,u
3,40,u
3,41,u
3,42,u
3,43,b
3,44,u
3,45,u
3,46,u
3,47,u
3,48,u
3,49,u
3,50,u
3,51,u
3,52,u
3,53,b
3,54,b
3,55,u
3,56,u
3,57,u
3,58,u
3,59,b
3,60,b
3,61,u
3,62,b
3,63,u
3,64,u
3,65,u
3,66,b
3,67,u
3,68,u
3,69,u
3,70,b
3,71,u
3,72,u
3,73,u
3,74,b
3,75,u
3,76,b
3,77,u
3,78,b
3,79,u
3,80,u
3,81,b
3,82,u
3,83,u
3,84,u
3,85,u
3,86,u
3,87,b
3,88,u
3,89,u
3,90,u
3,91,b
3,92,u
3,93,u
3,94,b
3,95,u
3,96,u
3,97,u
3,98,u
3,99,u
3,100,b
4,0,u
4,1,u
4,2,b
4,3,u
4,4,u
4,5,b
4,6,u
4,7,b
4,8,u
4,9,b
4,10,u
4,11,u
4,12,u
4,13,b
4,14,u
4,15,u
4,16,b
4,17,b
4,18,u
4,19,b
4,20,u
4,21,b
4,22,u
4,23,u
4,24,u
4,25,u
4,26,u
4,27,u
4,28,u
4,29,u
4,30,u
4,31,u
4,32,b
4,33,b
4,34,u
4,35,b
4,36,u
4,37,u
4,38,u
4,39,b
4,40,b
4,41,u
4,42,u
4,43,b
4,44,u
4,45,u
4,46,u
4,47,b
4,48,u
4,49,b
4,50,b
4,51,u
4,52,b
4,53,u
4,54,u
4,55,u
4,56,u
4,57,b
4,58,b
4,59,u
4,60,b
4,61,u
4,62,u
4,63,u
4,64,u
4,65,u
4,66,b
4,67,u
4,68,b
4,69,u
4,70,b
4,71,b
4,72,u
4,73,b
4,74,u
4,75,u
4,76,u
4,77,u
4,78,u
4,79,u
4,80,b
4,81,u
4,82,u
4,83,u
4,84,u
4,85,u
4,86,b
4,87,u
4,88,u
4,89,u
4,90,u
4,91,u
4,92,u
4,93,u
4,94,u
4,95,u
4,96,u
4,97,u
4,98,u
4,99,u
4,100,u
5,0,u
5,1,b
5,2,b
5,3,u
5,4,u
5,5,b
5,6,u
5,7,b
5,8,u
5,9,b
5,10,u
5,11,u
5,12,u
5,13,u
5,14,u
5,15,u
5,16,u
5,17,u
5,18,b
5,19,u
5,20,u
5,21,b
5,22,b
5,23,b
5,24,u
5,25,u
5,26,u
5,27,b
5,28,b
5,29,u
5,30,u
5,31,b
5,32,u
5,33,b
5,34,u
5,35,u
5,36,u
5,37,u
5,38,b
5,39,u
5,40,b
5,41,u
5,42,b
5,43,u
5,44,u
5,45,u
5,46,u
5,47,b
5,48,b
5,49,u
5,50,u
5,51,u
5,52,u
5,53,u
5,54,b
5,55,u
5,56,b
5,57,u
5,58,u
5,59,u
5,60,u
5,61,u
5,62,u
5,63,u
5,64,b
5,65,u
5,66,u
5,67,u
5,68,b
5,69,u
5,70,u
5,71,u
5,72,u
5,73,b
5,74,u
5,75,u
5,76,u
5,77,u
5,78,u
5,79,u
5,80,u
5,81,b
5,82,u
5,83,u
5,84,u
5,85,b
5,86,u
5,87,u
5,88,u
5,89,b
5,90,u
5,91,b
5,92,u
5,93,u
5,94,b
5,95,u
5,96,u
5,97,u
5,98,u
5,99,u
5,100,b
6,0,b
6,1,u
6,2,u
6,3,b
6,4,u
6,5,u
6,6,u
6,7,u
6,8,u
6,9,u
6,10,u
6,11,u
6,12,b
6,13,u
6,14,b
6,15,b
6,16,u
6,17,u
6,18,b
6,19,u
6,20,u
6,21,u
6,22,u
6,23,u
6,24,b
6,25,u
6,26,b
6,27,u
6,28,u
6,29,b
6,30,u
6,31,u
6,32,u
6,33,u
6,34,u
6,35,u
6,36,b
6,37,b
6,38,u
6,39,u
6,40,u
6,41,u
6,42,b
6,43,u
6,44,u
6,45,b
6,46,u
6,47,u
6,48,u
6,49,u
6,50,b
6,51,b
6,52,u
6,53,u
6,54,u
6,55,b
6,56,u
6,57,u
6,58,u
6,59,u
6,60,u
6,61,u
6,62,u
6,63,u
6,64,u
6,65,u
6,66,b
6,67,b
6,68,b
6,69,u
6,70,u
6,71,u
6,72,u
6,73,u
6,74,b
6,75,u
6,76,u
6,77,u
6,78,b
6,79,b
6,80,u
6,81,u
6,82,u
6,83,b
6,84,b
6,85,u
6,86,u
6,87,u
6,88,u
6,89,u
6,90,b
6,91,u
6,92,u
6,93,u
6,94,b
6,95,u
6,96,u
6,97,u
6,98,u
6,99,u
6,100,b
7,0,u
7,1,u
7,2,u
7,3,u
7,4,u
7,5,u
7,6,b
7,7,u
7,8,b
7,9,u
7,10,u
7,11,u
7,12,u
7,13,u
7,14,b
7,15,u
7,16,b
7,17,u
7,18,u
7,19,u
7,20,u
7,21,b
7,22,u
7,23,u
7,24,b
7,25,b
7,26,u
7,27,u
7,28,u
7,29,u
7,30,b
7,31,u
7,32,b
7,33,u
7,34,u
7,35,b
7,36,u
7,37,u
7,38,b
7,39,u
7,40,b
7,41,u
7,42,b
7,43,b
7,44,u
7,45,u
7,46,u
7,47,b
7,48,b
7,49,u
7,50,u
7,51,u
7,52,b
7,53,u
7,54,u
7,55,u
7,56,u
7,57,u
7,58,u
7,59,b
7,60,u
7,61,u
7,62,b
7,63,u
7,64,u
7,65,u
7,66,u
7,67,b
7,68,u
7,69,u
7,70,u
7,71,b
7,72,u
7,73,u
7,74,u
7,75,u
7,76,u
7,77,u
7,78,u
7,79,u
7,80,u
7,81,b
7,82,u
7,83,u
7,84,u
7,85,u
7,86,u
7,87,b
7,88,u
7,89,b
7,90,b
7,91,u
7,92,u
7,93,u
7,94,u
7,95,b
7,96,u
7,97,u
7,98,u
7,99,u
7,100,b
8,0,u
8,1,u
8,2,u
8,3,u
8,4,u
8,5,u
8,6,b
8,7,u
8,8,u
8,9,u
8,10,u
8,11,u
8,12,b
8,13,u
8,14,u
8,15,u
8,16,u
8,17,u
8,18,u
8,19,b
8,20,u
8,21,u
8,22,u
8,23,b
8,24,u
8,25,u
8,26,u
8,27,b
8,28,b
8,29,b
8,30,b
8,31,u
8,32,u
8,33,u
8,34,u
8,35,u
8,36,u
8,37,u
8,38,b
8,39,u
8,40,u
8,41,u
8,42,u
8,43,u
8,44,u
8,45,b
8,46,b
8,47,u
8,48,u
8,49,u
8,50,u
8,51,u
8,52,b
8,53,b
8,54,b
8,55,b
8,56,u
8,57,b
8,58,b
8,59,b
8,60,u
8,61,u
8,62,b
8,63,u
8,64,u
8,65,b
8,66,b
8,67,b
8,68,u
8,69,u
8,70,b
8,71,u
8,72,u
8,73,u
8,74,b
8,75,b
8,76,u
8,77,u
8,78,b
8,79,b
8,80,u
8,81,u
8,82,u
8,83,b
8,84,u
8,85,b
8,86,u
8,87,u
8,88,u
8,89,u
8,90,b
8,91,u
8,92,b
8,93,u
8,94,b
8,95,u
8,96,b
8,97,u
8,98,u
8,99,u
8,100,u
9,0,u
9,1,b
9,2,b
9,3,u
9,4,b
9,5,b
9,6,u
9,7,u
9,8,u
9,9,b
9,10,b
9,11,u
9,12,u
9,13,u
9,14,b
9,15,u
9,16,u
9,17,u
9,18,b
9,19,u
9,20,u
9,21,b
9,22,u
9,23,u
9,24,u
9,25,u
9,26,b
9,27,b
9,28,u
9,29,u
9,30,b
9,31,u
9,32,u
9,33,u
9,34,u
9,35,u
9,36,u
9,37,u
9,38,b
9,39,b
9,40,u
9,41,b
9,42,b
9,43,b
9,44,b
9,45,u
9,46,b
9,47,b
9,48,u
9,49,u
9,50,u
9,51,u
9,52,b
9,53,u
9,54,b
9,55,u
9,56,u
9,57,u
9,58,u
9,59,u
9,60,u
9,61,u
9,62,u
9,63,u
9,64,u
9,65,b
9,66,u
9,67,u
9,68,u
9,69,u
9,70,u
9,71,u
9,72,b
9,73,u
9,74,b
9,75,b
9,76,u
9,77,b
9,78,u
9,79,u
9,80,b
9,81,u
9,82,b
9,83,u
9,84,u
9,85,b
9,86,u
9,87,u
9,88,b
9,89,u
9,90,u
9,91,b
9,92,u
9,93,b
9,94,u
9,95,u
9,96,b
9,97,u
9,98,u
9,99,u
9,100,b
10,0,u
10,1,u
10,2,u
10,3,b
10,4,b
10,5,u
10,6,u
10,7,u
10,8,u
10,9,u
10,10,b
10,11,b
10,12,u
10,13,u
10,14,u
10,15,b
10,16,u
10,17,b
10,18,u
10,19,u
10,20,u
10,21,b
10,22,b
10,23,u
10,24,u
10,25,u
10,26,b
10,27,u
10,28,b
10,29,b
10,30,u
10,31,u
10,32,u
10,33,u
10,34,u
10,35,u
10,36,u
10,37,u
10,38,u
10,39,b
10,40,u
10,41,b
10,42,b
10,43,u
10,44,u
10,45,u
10,46,u
10,47,u
10,48,u
10,49,b
10,50,u
10,51,u
10,52,b
10,53,b
10,54,u
10,55,b
10,56,b
10,57,b
10,58,b
10,59,u
10,60,u
10,61,b
10,62,b
10,63,u
10,64,u
10,65,b
10,66,b
10,67,b
10,68,u
10,69,b
10,70,b
10,71,b
10,72,b
10,73,b
10,74,u
10,75,u
10,76,b
10,77,u
10,78,u
10,79,u
10,80,u
10,81,u
10,82,b
10,83,b
10,84,u
10,85,u
10,86,b
10,87,b
10,88,b
10,89,u
10,90,u
10,91,u
10,92,u
10,93,u
10,94,u
10,95,u
10,96,b
10,97,u
10,98,u
10,99,b
10,100,b
11,0,u
11,1,u
11,2,b
11,3,u
11,4,u
11,5,u
11,6,u
11,7,u
11,8,b
11,9,u
11,10,u
11,11,u
11,12,u
11,13,b
11,14,u
11,15,u
11,16,u
11,17,u
11,18,b
11,19,u
11,20,u
11,21,u
11,22,b
11,23,u
11,24,b
11,25,b
11,26,u
11,27,u
11,28,u
11,29,b
11,30,u
11,31,u
11,32,b
11,33,u
11,34,u
11,35,u
11,36,u
11,37,u
11,38,b
11,39,b
11,40,b
11,41,u
11,42,b
11,43,u
11,44,u
11,45,u
11,46,u
11,47,u
11,48,b
11,49,b
11,50,u
11,51,u
11,52,u
11,53,u
11,54,u
11,55,b
11,56,u
11,57,u
11,58,u
11,59,u
11,60,u
11,61,b
11,62,u
11,63,u
11,64,u
11,65,b
11,66,b
11,67,u
11,68,u
11,69,u
11,70,b
11,71,u
11,72,u
11,73,u
11,74,b
11,75,u
11,76,u
11,77,u
11,78,u
11,79,u
11,80,b
11,81,b
11,82,u
11,83,u
11,84,b
11,85,u
11,86,u
11,87,u
11,88,u
11,89,b
11,90,u
11,91,u
11,92,b
11,93,u
11,94,b
11,95,u
11,96,b
11,97,u
11,98,b
11,99,u
11,100,u
12,0,u
12,1,u
12,2,b
12,3,u
12,4,u
12,5,u
12,6,u
12,7,u
12,8,u
12,9,u
12,10,u
12,11,b
12,12,u
12,13,b
12,14,b
12,15,u
12,16,b
12,17,u
12,18,b
12,19,b
12,20,u
12,21,b
12,22,u
12,23,b
12,24,u
12,25,u
12,26,b
12,27,u
12,28,u
12,29,b
12,30,u
12,31,u
12,32,u
12,33,u
12,34,b
12,35,b
12,36,b
12,37,b
12,38,u
12,39,u
12,40,u
12,41,u
12,42,u
12,43,b
12,44,u
12,45,u
12,46,u
12,47,u
12,48,u
12,49,u
12,50,u
12,51,b
12,52,u
12,53,u
12,54,u
12,55,b
12,56,b
12,57,b
12,58,u
12,59,b
12,60,u
12,61,u
12,62,b
12,63,u
12,64,u
12,65,u
12,66,b
12,67,u
12,68,u
12,69,u
12,70,b
12,71,u
12,72,b
12,73,b
12,74,u
12,75,b
12,76,u
12,77,u
12,78,u
12,79,u
12,80,u
12,81,u
12,82,b
12,83,u
12,84,u
12,85,b
12,86,b
12,87,u
12,88,u
12,89,b
12,90,b
12,91,u
12,92,u
12,93,u
12,94,b
12,95,u
12,96,b
12,97,u
12,98,b
12,99,u
12,100,u
13,0,u
13,1,b
13,2,b
13,3,b
13,4,u
13,5,u
13,6,b
13,7,b
13,8,b
13,9,u
13,10,u
13,11,u
13,12,b
13,13,b
13,14,u
13,15,b
13,16,b
13,17,u
13,18,b
13,19,b
13,20,b
13,21,u
13,22,u
13,23,u
13,24,u
13,25,u
13,26,u
13,27,b
13,28,b
13,29,u
13,30,b
13,31,b
13,32,b
13,33,u
13,34,u
13,35,u
13,36,b
13,37,b
13,38,u
13,39,u
13,40,u
13,41,u
13,42,b
13,43,b
13,44,b
13,45,b
13,46,u
13,47,u
13,48,b
13,49,u
13,50,u
13,51,b
13,52,u
13,53,u
13,54,u
13,55,b
13,56,u
13,57,u
13,58,b
13,59,u
13,60,b
13,61,u
13,62,u
13,63,u
13,64,u
13,65,u
13,66,u
13,67,u
13,68,b
13,69,b
13,70,u
13,71,b
13,72,u
13,73,u
13,74,u
13,75,u
13,76,u
13,77,u
13,78,u
13,79,b
13,80,u
13,81,u
13,82,u
13,83,u
13,84,u
13,85,u
13,86,b
13,87,u
13,88,u
13,89,u
13,90,u
13,91,b
13,92,u
13,93,u
13,94,u
13,95,u
13,96,u
13,97,b
13,98,u
13,99,u
13,100,b
14,0,b
14,1,u
14,2,b
14,3,b
14,4,u
14,5,b
14,6,u
14,7,b
14,8,b
14,9,u
14,10,u
14,11,u
14,12,u
14,13,u
14,14,u
14,15,u
14,16,u
14,17,b
14,18,u
14,19,u
14,20,b
14,21,u
14,22,u
14,23,b
14,24,u
14,25,u
14,26,u
14,27,u
14,28,u
14,29,b
14,30,u
14,31,b
14,32,u
14,33,b
14,34,u
14,35,u
14,36,b
14,37,u
14,38,b
14,39,u
14,40,b
14,41,u
14,42,u
14,43,b
14,44,b
14,45,u
14,46,u
14,47,u
14,48,u
14,49,u
14,50,u
14,51,b
14,52,u
14,53,u
14,54,u
14,55,u
14,56,u
14,57,u
14,58,u
14,59,u
14,60,u
14,61,u
14,62,u
14,63,u
14,64,u
14,65,u
14,66,u
14,67,u
14,68,u
14,69,u
14,70,b
14,71,u
14,72,u
14,73,u
14,74,u
14,75,b
14,76,b
14,77,u
14,78,u
14,79,b
14,80,u
14,81,u
14,82,u
14,83,b
14,84,u
14,85,u
14,86,b
14,87,u
14,88,u
14,89,u
14,90,b
14,91,b
14,92,u
14,93,u
14,94,u
14,95,u
14,96,u
14,97,u
14,98,b
14,99,u
14,100,b
15,0,b
15,1,u
15,2,u
15,3,u
15,4,u
15,5,b
15,6,u
15,7,u
15,8,u
15,9,b
15,10,u
15,11,u
15,12,u
15,13,u
15,14,u
15,15,u
15,16,u
15,17,u
15,18,u
15,19,b
15,20,b
15,21,u
15,22,u
15,23,u
15,24,u
15,25,u
15,26,u
15,27,u
15,28,u
15,29,u
15,30,u
15,31,u
15,32,u
15,33,u
15,34,u
15,35,b
15,36,u
15,37,u
15,38,u
15,39,u
15,40,u
15,41,b
15,42,u
15,43,u
15,44,u
15,45,u
15,46,u
15,47,u
15,48,u
15,49,u
15,50,u
15,51,b
15,52,u
15,53,u
15,54,b
15,55,u
15,56,u
15,57,u
15,58,u
15,59,b
15,60,u
15,61,u
15,62,u
15,63,b
15,64,u
15,65,u
15,66,u
15,67,u
15,68,u
15,69,b
15,70,u
15,71,b
15,72,u
15,73,u
15,74,b
15,75,u
15,76,u
15,77,b
15,78,u
15,79,u
15,80,b
15,81,b
15,82,u
15,83,u
15,84,u
15,85,u
15,86,u
15,87,b
15,88,u
15,89,u
15,90,b
15,91,u
15,92,u
15,93,b
15,94,u
15,95,u
15,96,u
15,97,u
15,98,u
15,99,u
15,100,u
16,0,u
16,1,b
16,2,u
16,3,u
16,4,u
16,5,u
16,6,b
16,7,u
16,8,b
16,9,b
16,10,u
16,11,u
16,12,u
16,13,b
16,14,b
16,15,b
16,16,b
16,17,u
16,18,u
16,19,u
16,20,u
16,21,b
16,22,u
16,23,u
16,24,u
16,25,u
16,26,u
16,27,u
16,28,u
16,29,u
16,30,u
16,31,u
16,32,u
16,33,u
16,34,b
16,35,u
16,36,u
16,37,b
16,38,u
16,39,b
16,40,u
16,41,u
16,42,u
16,43,b
16,44,u
16,45,b
16,46,b
16,47,u
16,48,b
16,49,u
16,50,u
16,51,u
16,52,u
16,53,b
16,54,u
16,55,u
16,56,u
16,57,u
16,58,u
16,59,b
16,60,b
16,61,u
16,62,b
16,63,u
16,64,u
16,65,b
16,66,u
16,67,u
16,68,b
16,69,u
16,70,u
16,71,u
16,72,u
16,73,u
16,74,b
16,75,b
16,76,u
16,77,u
16,78,b
16,79,u
16,80,u
16,81,u
16,82,b
16,83,b
16,84,u
16,85,u
16,86,u
16,87,b
16,88,u
16,89,u
16,90,u
16,91,u
16,92,b
16,93,u
16,94,b
16,95,u
16,96,u
16,97,u
16,98,b
16,99,u
16,100,u
17,0,u
17,1,b
17,2,b
17,3,u
17,4,u
17,5,b
17,6,u
17,7,b
17,8,u
17,9,b
17,10,u
17,11,b
17,12,u
17,13,b
17,14,b
17,15,u
17,16,u
17,17,u
17,18,u
17,19,u
17,20,u
17,21,u
17,22,u
17,23,b
17,24,b
17,25,u
17,26,u
17,27,u
17,28,u
17,29,u
17,30,u
17,31,u
17,32,u
17,33,b
17,34,u
17,35,b
17,36,b
17,37,u
17,38,b
17,39,b
17,40,u
17,41,u
17,42,b
17,43,u
17,44,u
17,45,u
17,46,u
17,47,u
17,48,b
17,49,u
17,50,u
17,51,b
17,52,b
17,53,u
17,54,u
17,55,u
17,56,u
17,57,u
17,58,u
17,59,u
17,60,u
17,61,b
17,62,u
17,63,b
17,64,u
17,65,u
17,66,u
17,67,u
17,68,b
17,69,b
17,70,u
17,71,b
17,72,u
17,73,u
17,74,u
17,75,b
17,76,u
17,77,u
17,78,b
17,79,u
17,80,b
17,81,b
17,82,u
17,83,u
17,84,u
17,85,u
17,86,u
17,87,u
17,88,u
17,89,u
17,90,u
17,91,u
17,92,u
17,93,u
17,94,u
17,95,b
17,96,u
17,97,b
17,98,u
17,99,b
17,100,u
18,0,b
18,1,b
18,2,u
18,3,u
18,4,u
18,5,u
18,6,u
18,7,u
18,8,u
18,9,b
18,10,u
18,11,b
18,12,u
18,13,b
18,14,u
18,15,b
18,16,u
18,17,u
18,18,u
18,19,b
18,20,u
18,21,u
18,22,u
18,23,u
18,24,u
18,25,u
18,26,u
18,27,u
18,28,b
18,29,b
18,30,u
18,31,u
18,32,b
18,33,u
18,34,u
18,35,u
18,36,u
18,37,b
18,38,b
18,39,u
18,40,b
18,41,u
18,42,b
18,43,u
18,44,b
18,45,u
18,46,u
18,47,u
18,48,u
18,49,b
18,50,b
18,51,u
18,52,b
18,53,u
18,54,u
18,55,u
18,56,u
18,57,u
18,58,u
18,59,b
18,60,b
18,61,u
18,62,u
18,63,u
18,64,b
18,65,u
18,66,u
18,67,u
18,68,b
18,69,u
18,70,u
18,71,b
18,72,u
18,73,b
18,74,u
18,75,b
18,76,b
18,77,u
18,78,u
18,79,u
18,80,u
18,81,b
18,82,b
18,83,b
18,84,u
18,85,u
18,86,u
18,87,u
18,88,b
18,89,u
18,90,b
18,91,b
18,92,u
18,93,u
18,94,b
18,95,u
18,96,u
18,97,u
18,98,b
18,99,u
18,100,u
19,0,b
19,1,u
19,2,u
19,3,u
19,4,u
19,5,b
19,6,u
19,7,u
19,8,u
19,9,b
19,10,u
19,11,u
19,12,u
19,13,u
19,14,u
19,15,b
19,16,u
19,17,b
19,18,b
19,19,u
19,20,b
19,21,b
19,22,u
19,23,u
19,24,u
19,25,u
19,26,u
19,27,u
19,28,u
19,29,u
19,30,b
19,31,b
19,32,b
19,33,u
19,34,u
19,35,u
19,36,b
19,37,b
19,38,b
19,39,u
19,40,u
19,41,b
19,42,u
19,43,u
19,44,u
19,45,u
19,46,u
19,47,b
19,48,b
19,49,b
19,50,u
19,51,u
19,52,u
19,53,u
19,54,b
19,55,u
19,56,u
19,57,u
19,58,b
19,59,u
19,60,b
19,61,b
19,62,u
19,63,b
19,64,u
19,65,u
19,66,u
19,67,u
19,68,u
19,69,u
19,70,u
19,71,u
19,72,b
19,73,b
19,74,u
19,75,u
19,76,b
19,77,b
19,78,u
19,79,u
19,80,u
19,81,b
19,82,u
19,83,u
19,84,u
19,85,u
19,86,b
19,87,u
19,88,u
19,89,u
19,90,u
19,91,u
19,92,u
19,93,b
19,94,u
19,95,u
19,96,u
19,97,u
19,98,b
19,99,b
19,100,u
20,0,u
20,1,u
20,2,u
20,3,u
20,4,b
20,5,u
20,6,u
20,7,u
20,8,u
20,9,u
20,10,b
20,11,u
20,12,u
20,13,u
20,14,u
20,15,b
20,16,u
20,17,u
20,18,u
20,19,u
20,20,u
20,21,u
20,22,b
20,23,u
20,24,u
20,25,u
20,26,b
20,27,u
20,28,b
20,29,u
20,30,u
20,31,b
20,32,b
20,33,b
20,34,u
20,35,b
20,36,b
20,37,b
20,38,u
20,39,u
20,40,u
20,41,u
20,42,b
20,43,u
20,44,u
20,45,u
20,46,u
20,47,u
20,48,b
20,49,b
20,50,u
20,51,u
20,52,b
20,53,u
20,54,u
20,55,b
20,56,b
20,57,b
20,58,u
20,59,u
20,60,u
20,61,b
20,62,u
20,63,b
20,64,u
20,65,u
20,66,u
20,67,b
20,68,u
20,69,u
20,70,u
20,71,b
20,72,u
20,73,u
20,74,u
20,75,u
20,76,u
20,77,u
20,78,u
20,79,u
20,80,u
20,81,u
20,82,u
20,83,b
20,84,u
20,85,u
20,86,u
20,87,u
20,88,u
20,89,u
20,90,u
20,91,u
20,92,b
20,93,b
20,94,u
20,95,u
20,96,u
20,97,b
20,98,u
20,99,u
20,100,b
21,0,b
21,1,u
21,2,b
21,3,b
21,4,u
21,5,u
21,6,b
21,7,u
21,8,b
21,9,u
21,10,b
21,11,b
21,12,u
21,13,u
21,14,b
21,15,b
21,16,u
21,17,u
21,18,u
21,19,u
21,20,u
21,21,b
21,22,b
21,23,u
21,24,u
21,25,b
21,26,u
21,27,u
21,28,u
21,29,u
21,30,u
21,31,u
21,32,u
21,33,u
21,34,u
21,35,b
21,36,u
21,37,b
21,38,u
21,39,b
21,40,u
21,41,u
21,42,b
21,43,u
21,44,u
21,45,u
21,46,u
21,47,u
21,48,u
21,49,b
21,50,u
21,51,u
21,52,u
21,53,u
21,54,b
21,55,u
21,56,u
21,57,b
21,58,u
21,59,u
21,60,b
21,61,u
21,62,u
21,63,u
21,64,u
21,65,b
21,66,u
21,67,u
21,68,b
21,69,b
21,70,b
21,71,u
21,72,u
21,73,u
21,74,u
21,75,u
21,76,u
21,77,u
21,78,b
21,79,u
21,80,b
21,81,u
21,82,u
21,83,b
21,84,b
21,85,u
21,86,u
21,87,u
21,88,b
21,89,b
21,90,u
21,91,b
21,92,u
21,93,u
21,94,u
21,95,b
21,96,b
21,97,b
21,98,u
21,99,u
21,100,u
22,0,b
22,1,u
22,2,u
22,3,u
22,4,u
22,5,u
22,6,u
22,7,b
22,8,u
22,9,u
22,10,b
22,11,u
22,12,u
22,13,b
22,14,u
22,15,b
22,16,b
22,17,u
22,18,b
22,19,u
22,20,u
22,21,u
22,22,b
22,23,u
22,24,u
22,25,u
22,26,u
22,27,u
22,28,b
22,29,u
22,30,u
22,31,u
22,32,u
22,33,u
22,34,u
22,35,u
22,36,b
22,37,u
22,38,b
22,39,b
22,40,u
22,41,u
22,42,b
22,43,u
22,44,u
22,45,u
22,46,u
22,47,u
22,48,u
22,49,u
22,50,u
22,51,u
22,52,u
22,53,b
22,54,u
22,55,u
22,56,u
22,57,u
22,58,u
22,59,u
22,60,u
22,61,u
22,62,b
22,63,u
22,64,u
22,65,b
22,66,u
22,67,u
22,68,u
22,69,b
22,70,u
22,71,u
22,72,u
22,73,b
22,74,b
22,75,u
22,76,u
22,77,u
22,78,u
22,79,u
22,80,u
22,81,b
22,82,u
22,83,u
22,84,u
22,85,u
22,86,b
22,87,b
22,88,u
22,89,b
22,90,u
22,91,u
22,92,u
22,93,u
22,94,u
22,95,u
22,96,u
22,97,u
22,98,u
22,99,b
22,100,u
23,0,u
23,1,b
23,2,u
23,3,u
23,4,u
23,5,b
23,6,u
23,7,u
23,8,u
23,9,u
23,10,u
23,11,u
23,12,u
23,13,u
23,14,b
23,15,u
23,16,u
23,17,b
23,18,u
23,19,u
23,20,b
23,21,u
23,22,b
23,23,b
23,24,u
23,25,b
23,26,b
23,27,u
23,28,b
23,29,b
23,30,u
23,31,u
23,32,u
23,33,u
23,34,u
23,35,u
23,36,u
23,37,u
23,38,u
23,39,u
23,40,u
23,41,u
23,42,b
23,43,u
23,44,u
23,45,u
23,46,u
23,47,u
23,48,u
23,49,u
23,50,u
23,51,u
23,52,u
23,53,u
23,54,b
23,55,u
23,56,u
23,57,u
23,58,u
23,59,b
23,60,u
23,61,u
23,62,u
23,63,u
23,64,u
23,65,u
23,66,b
23,67,u
23,68,u
23,69,u
23,70,u
23,71,u
23,72,u
23,73,u
23,74,u
23,75,u
23,76,u
23,77,b
23,78,u
23,79,u
23,80,u
23,81,u
23,82,u
23,83,u
23,84,u
23,85,u
23,86,b
23,87,u
23,88,u
23,89,b
23,90,b
23,91,u
23,92,u
23,93,u
23,94,b
23,95,b
23,96,u
23,97,b
23,98,u
23,99,u
23,100,u
24,0,u
24,1,u
24,2,b
24,3,u
24,4,u
24,5,u
24,6,b
24,7,b
24,8,u
24,9,b
24,10,b
24,11,u
24,12,b
24,13,u
24,14,b
24,15,u
24,16,u
24,17,u
24,18,b
24,19,b
24,20,b
24,21,u
24,22,u
24,23,u
24,24,b
24,25,u
24,26,b
24,27,b
24,28,u
24,29,u
24,30,u
24,31,u
24,32,u
24,33,u
24,34,u
24,35,u
24,36,u
24,37,u
24,38,u
24,39,u
24,40,b
24,41,b
24,42,u
24,43,u
24,44,b
24,45,b
24,46,u
24,47,b
24,48,u
24,49,u
24,50,b
24,51,u
24,52,b
24,53,b
24,54,u
24,55,u
24,56,b
24,57,u
24,58,u
24,59,u
24,60,u
24,61,u
24,62,u
24,63,u
24,64,b
24,65,u
24,66,u
24,67,b
24,68,u
24,69,u
24,70,u
24,71,u
24,72,u
24,73,u
24,74,b
24,75,u
24,76,b
24,77,u
24,78,u
24,79,u
24,80,b
24,81,b
24,82,b
24,83,b
24,84,u
24,85,u
24,86,u
24,87,u
24,88,u
24,89,u
24,90,u
24,91,u
24,92,b
24,93,u
24,94,b
24,95,u
24,96,u
24,97,u
24,98,u
24,99,u
24,100,u
25,0,u
25,1,b
25,2,u
25,3,u
25,4,b
25,5,b
25,6,b
25,7,u
25,8,u
25,9,u
25,10,u
25,11,u
25,12,b
25,13,u
25,14,u
25,15,u
25,16,u
25,17,u
25,18,b
25,19,u
25,20,b
25,21,b
25,22,u
25,23,u
25,24,u
25,25,u
25,26,u
25,27,u
25,28,u
25,29,u
25,30,u
25,31,u
25,32,u
25,33,u
25,34,u
25,35,b
25,36,u
25,37,u
25,38,u
25,39,u
25,40,u
25,41,b
25,42,b
25,43,u
25,44,u
25,45,u
25,46,b
25,47,b
25,48,u
25,49,b
25,50,b
25,51,b
25,52,u
25,53,u
25,54,u
25,55,b
25,56,u
25,57,u
25,58,b
25,59,b
25,60,u
25,61,u
25,62,u
25,63,u
25,64,u
25,65,u
25,66,u
25,67,u
25,68,u
25,69,b
25,70,u
25,71,b
25,72,u
25,73,u
25,74,u
25,75,b
25,76,u
25,77,u
25,78,u
25,79,u
25,80,u
25,81,b
25,82,u
25,83,u
25,84,b
25,85,u
25,86,u
25,87,u
25,88,u
25,89,u
25,90,u
25,91,u
25,92,b
25,93,b
25,94,b
25,95,u
25,96,u
25,97,b
25,98,u
25,99,u
25,100,u
26,0,u
26,1,b
26,2,u
26,3,u
26,4,u
26,5,b
26,6,b
26,7,u
26,8,u
26,9,u
26,10,b
26,11,u
26,12,u
26,13,u
26,14,u
26,15,b
26,16,u
26,17,u
26,18,u
26,19,u
26,20,b
26,21,u
26,22,u
26,23,u
26,24,u
26,25,b
26,26,u
26,27,u
26,28,u
26,29,u
26,30,b
26,31,u
26,32,b
26,33,b
26,34,u
26,35,u
26,36,u
26,37,u
26,38,u
26,39,b
26,40,u
26,41,b
26,42,b
26,43,u
26,44,u
26,45,b
26,46,u
26,47,u
26,48,b
26,49,u
26,50,b
26,51,u
26,52,u
26,53,u
26,54,u
26,55,b
26,56,u
26,57,u
26,58,u
26,59,u
26,60,u
26,61,u
26,62,u
26,63,b
26,64,u
26,65,b
26,66,u
26,67,u
26,68,u
26,69,u
26,70,u
26,71,u
26,72,b
26,73,b
26,74,u
26,75,b
26,76,b
26,77,u
26,78,b
26,79,u
26,80,u
26,81,b
26,82,u
26,83,u
26,84,b
26,85,b
26,86,u
26,87,u
26,88,b
26,89,u
26,90,b
26,91,u
26,92,b
26,93,u
26,94,b
26,95,b
26,96,u
26,97,u
26,98,b
26,99,u
26,100,u
27,0,b
27,1,u
27,2,u
27,3,b
27,4,u
27,5,b
27,6,u
27,7,u
27,8,b
27,9,b
27,10,u
27,11,u
27,12,b
27,13,u
27,14,b
27,15,u
27,16,u
27,17,u
27,18,u
27,19,u
27,20,u
27,21,b
27,22,u
27,23,u
27,24,u
27,25,u
27,26,u
27,27,b
27,28,u
27,29,u
27,30,b
27,31,u
27,32,u
27,33,b
27,34,u
27,35,u
27,36,u
27,37,b
27,38,b
27,39,u
27,40,b
27,41,u
27,42,u
27,43,u
27,44,u
27,45,u
27,46,b
27,47,b
27,48,u
27,49,u
27,50,u
27,51,b
27,52,b
27,53,u
27,54,u
27,55,u
27,56,u
27,57,b
27,58,b
27,59,u
27,60,b
27,61,u
27,62,u
27,63,u
27,64,b
27,65,b
27,66,u
27,67,u
27,68,b
27,69,u
27,70,u
27,71,u
27,72,u
27,73,u
27,74,b
27,75,u
27,76,u
27,77,u
27,78,u
27,79,u
27,80,b
27,81,u
27,82,u
27,83,u
27,84,b
27,85,b
27,86,u
27,87,b
27,88,b
27,89,u
27,90,u
27,91,b
27,92,u
27,93,u
27,94,u
27,95,b
27,96,u
27,97,u
27,98,u
27,99,u
27,100,b
28,0,b
28,1,u
28,2,u
28,3,u
28,4,u
28,5,b
28,6,u
28,7,u
28,8,b
28,9,u
28,10,u
28,11,u
28,12,u
28,13,u
28,14,u
28,15,u
28,16,u
28,17,u
28,18,b
28,19,u
28,20,u
28,21,u
28,22,u
28,23,u
28,24,u
28,25,u
28,26,b
28,27,u
28,28,b
28,29,u
28,30,u
28,31,b
28,32,b
28,33,b
28,34,u
28,35,b
28,36,b
28,37,u
28,38,b
28,39,u
28,40,u
28,41,u
28,42,u
28,43,u
28,44,b
28,45,u
28,46,u
28,47,b
28,48,u
28,49,b
28,50,u
28,51,u
28,52,u
28,53,u
28,54,u
28,55,u
28,56,u
28,57,b
28,58,u
28,59,b
28,60,u
28,61,b
28,62,u
28,63,u
28,64,b
28,65,u
28,66,u
28,67,b
28,68,u
28,69,b
28,70,u
28,71,u
28,72,b
28,73,b
28,74,b
28,75,u
28,76,u
28,77,u
28,78,u
28,79,u
28,80,u
28,81,u
28,82,b
28,83,u
28,84,b
28,85,b
28,86,u
28,87,b
28,88,u
28,89,u
28,90,u
28,91,b
28,92,b
28,93,u
28,94,u
28,95,u
28,96,u
28,97,b
28,98,u
28,99,u
28,100,b
29,0,u
29,1,b
29,2,u
29,3,u
29,4,u
29,5,u
29,6,b
29,7,u
29,8,u
29,9,u
29,10,u
29,11,u
29,12,u
29,13,u
29,14,b
29,15,b
29,16,u
29,17,b
29,18,b
29,19,u
29,20,u
29,21,u
29,22,b
29,23,u
29,24,u
29,25,u
29,26,u
29,27,u
29,28,u
29,29,b
29,30,u
29,31,b
29,32,u
29,33,b
29,34,u
29,35,b
29,36,b
29,37,u
29,38,u
29,39,u
29,40,u
29,41,u
29,42,u
29,43,u
29,44,u
29,45,u
29,46,b
29,47,u
29,48,b
29,49,u
29,50,u
29,51,u
29,52,u
29,53,b
29,54,b
29,55,u
29,56,u
29,57,u
29,58,u
29,59,b
29,60,b
29,61,u
29,62,u
29,63,u
29,64,u
29,65,b
29,66,u
29,67,u
29,68,u
29,69,b
29,70,u
29,71,u
29,72,u
29,73,u
29,74,u
29,75,b
29,76,u
29,77,u
29,78,u
29,79,u
29,80,b
29,81,u
29,82,u
29,83,b
29,84,u
29,85,u
29,86,u
29,87,u
29,88,u
29,89,u
29,90,u
29,91,u
29,92,b
29,93,b
29,94,u
29,95,u
29,96,b
29,97,b
29,98,u
29,99,u
29,100,u
30,0,b
30,1,u
30,2,u
30,3,b
30,4,b
30,5,b
30,6,u
30,7,u
30,8,u
30,9,b
30,10,b
30,11,b
30,12,u
30,13,u
30,14,b
30,15,u
30,16,u
30,17,u
30,18,u
30,19,b
30,20,b
30,21,b
30,22,b
30,23,u
30,24,b
30,25,u
30,26,u
30,27,u
30,28,u
30,29,u
30,30,u
30,31,u
30,32,b
30,33,b
30,34,u
30,35,b
30,36,u
30,37,u
30,38,u
30,39,b
30,40,b
30,41,u
30,42,u
30,43,b
30,44,u
30,45,u
30,46,b
30,47,u
30,48,b
30,49,b
30,50,b
30,51,u
30,52,b
30,53,b
30,54,u
30,55,u
30,56,u
30,57,b
30,58,u
30,59,u
30,60,u
30,61,u
30,62,u
30,63,u
30,64,u
30,65,b
30,66,u
30,67,u
30,68,u
30,69,u
30,70,u
30,71,u
30,72,b
30,73,b
30,74,u
30,75,u
30,76,u
30,77,u
30,78,b
30,79,u
30,80,u
30,81,u
30,82,b
30,83,u
30,84,b
30,85,u
30,86,b
30,87,u
30,88,u
30,89,b
30,90,u
30,91,u
30,92,u
30,93,u
30,94,u
30,95,u
30,96,u
30,97,u
30,98,b
30,99,u
30,100,u
31,0,b
31,1,u
31,2,u
31,3,b
31,4,u
31,5,u
31,6,u
31,7,b
31,8,b
31,9,u
31,10,b
31,11,b
31,12,u
31,13,u
31,14,b
31,15,u
31,16,b
31,17,u
31,18,u
31,19,b
31,20,u
31,21,u
31,22,b
31,23,u
31,24,b
31,25,u
31,26,b
31,27,u
31,28,b
31,29,b
31,30,u
31,31,u
31,32,u
31,33,u
31,34,u
31,35,b
31,36,b
31,37,u
31,38,b
31,39,b
31,40,u
31,41,b
31,42,b
31,43,u
31,44,u
31,45,b
31,46,u
31,47,u
31,48,u
31,49,u
31,50,u
31,51,u
31,52,b
31,53,b
31,54,u
31,55,b
31,56,u
31,57,u
31,58,u
31,59,u
31,60,u
31,61,u
31,62,u
31,63,u
31,64,u
31,65,u
31,66,u
31,67,b
31,68,u
31,69,b
31,70,u
31,71,u
31,72,u
31,73,u
31,74,b
31,75,b
31,76,b
31,77,u
31,78,u
31,79,b
31,80,u
31,81,b
31,82,u
31,83,u
31,84,u
31,85,u
31,86,b
31,87,u
31,88,u
31,89,u
31,90,u
31,91,u
31,92,b
31,93,b
31,94,b
31,95,u
31,96,u
31,97,b
31,98,u
31,99,u
31,100,u
32,0,u
32,1,u
32,2,u
32,3,u
32,4,u
32,5,b
32,6,u
32,7,u
32,8,u
32,9,u
32,10,u
32,11,u
32,12,u
32,13,u
32,14,b
32,15,b
32,16,u
32,17,u
32,18,b
32,19,u
32,20,u
32,21,u
32,22,u
32,23,u
32,24,u
32,25,u
32,26,u
32,27,u
32,28,u
32,29,u
32,30,u
32,31,u
32,32,u
32,33,u
32,34,u
32,35,u
32,36,b
32,37,u
32,38,u
32,39,u
32,40,u
32,41,u
32,42,b
32,43,u
32,44,u
32,45,u
32,46,u
32,47,u
32,48,u
32,49,u
32,50,b
32,51,u
32,52,b
32,53,u
32,54,u
32,55,u
32,56,u
32,57,u
32,58,b
32,59,b
32,60,u
32,61,b
32,62,u
32,63,u
32,64,u
32,65,u
32,66,b
32,67,u
32,68,u
32,69,u
32,70,b
32,71,u
32,72,u
32,73,b
32,74,u
32,75,u
32,76,u
32,77,b
32,78,u
32,79,u
32,80,u
32,81,u
32,82,b
32,83,u
32,84,u
32,85,u
32,86,u
32,87,b
32,88,u
32,89,u
32,90,b
32,91,u
32,92,u
32,93,b
32,94,u
32,95,b
32,96,b
32,97,u
32,98,b
32,99,u
32,100,u
33,0,b
33,1,b
33,2,u
33,3,u
33,4,u
33,5,b
33,6,b
33,7,u
33,8,u
33,9,u
33,10,u
33,11,u
33,12,u
33,13,b
33,14,u
33,15,u
33,16,u
33,17,u
33,18,b
33,19,u
33,20,u
33,21,u
33,22,u
33,23,u
33,24,b
33,25,u
33,26,u
33,27,u
33,28,b
33,29,b
33,30,u
33,31,b
33,32,u
33,33,u
33,34,u
33,35,u
33,36,u
33,37,u
33,38,b
33,39,u
33,40,u
33,41,u
33,42,u
33,43,u
33,44,u
33,45,u
33,46,u
33,47,b
33,48,u
33,49,b
33,50,u
33,51,u
33,52,u
33,53,u
33,54,u
33,55,b
33,56,u
33,57,u
33,58,u
33,59,u
33,60,u
33,61,u
33,62,b
33,63,b
33,64,u
33,65,u
33,66,b
33,67,b
33,68,u
33,69,b
33,70,u
33,71,u
33,72,u
33,73,b
33,74,u
33,75,u
33,76,u
33,77,b
33,78,u
33,79,u
33,80,u
33,81,u
33,82,b
33,83,u
33,84,b
33,85,u
33,86,u
33,87,u
33,88,u
33,89,b
33,90,u
33,91,u
33,92,u
33,93,u
33,94,b
33,95,b
33,96,u
33,97,b
33,98,u
33,99,u
33,100,b
34,0,b
34,1,u
34,2,u
34,3,u
34,4,u
34,5,u
34,6,u
34,7,u
34,8,u
34,9,b
34,10,b
34,11,u
34,12,b
34,13,u
34,14,u
34,15,b
34,16,u
34,17,u
34,18,u
34,19,u
34,20,u
34,21,u
34,22,u
34,23,u
34,24,u
34,25,b
34,26,b
34,27,u
34,28,b
34,29,u
34,30,b
34,31,u
34,32,u
34,33,u
34,34,u
34,35,u
34,36,u
34,37,b
34,38,u
34,39,b
34,40,b
34,41,u
34,42,u
34,43,u
34,44,u
34,45,b
34,46,u
34,47,u
34,48,u
34,49,u
34,50,b
34,51,b
34,52,u
34,53,u
34,54,u
34,55,u
34,56,u
34,57,u
34,58,u
34,59,b
34,60,u
34,61,u
34,62,b
34,63,u
34,64,u
34,65,u
34,66,u
34,67,b
34,68,b
34,69,u
34,70,b
34,71,u
34,72,u
34,73,b
34,74,u
34,75,b
34,76,b
34,77,u
34,78,b
34,79,u
34,80,b
34,81,u
34,82,u
34,83,u
34,84,u
34,85,u
34,86,u
34,87,b
34,88,u
34,89,b
34,90,u
34,91,u
34,92,b
34,93,u
34,94,u
34,95,b
34,96,b
34,97,u
34,98,b
34,99,b
34,100,u
35,0,u
35,1,u
35,2,u
35,3,u
35,4,u
35,5,u
35,6,u
35,7,b
35,8,b
35,9,b
35,10,b
35,11,b
35,12,b
35,13,u
35,14,b
35,15,u
35,16,u
35,17,b
35,18,u
35,19,u
35,20,b
35,21,b
35,22,b
35,23,u
35,24,b
35,25,u
35,26,u
35,27,b
35,28,u
35,29,u
35,30,u
35,31,u
35,32,u
35,33,u
35,34,u
35,35,u
35,36,b
35,37,b
35,38,u
35,39,u
35,40,u
35,41,u
35,42,u
35,43,u
35,44,b
35,45,u
35,46,u
35,47,u
35,48,u
35,49,u
35,50,b
35,51,u
35,52,u
35,53,u
35,54,b
35,55,b
35,56,b
35,57,u
35,58,b
35,59,u
35,60,u
35,61,u
35,62,u
35,63,b
35,64,u
35,65,u
35,66,u
35,67,u
35,68,u
35,69,u
35,70,u
35,71,u
35,72,u
35,73,u
35,74,b
35,75,u
35,76,u
35,77,u
35,78,b
35,79,b
35,80,u
35,81,b
35,82,b
35,83,u
35,84,u
35,85,b
35,86,u
35,87,u
35,88,u
35,89,b
35,90,b
35,91,u
35,92,u
35,93,u
35,94,b
35,95,b
35,96,u
35,97,b
35,98,u
35,99,u
35,100,u
36,0,b
36,1,u
36,2,u
36,3,b
36,4,u
36,5,u
36,6,b
36,7,u
36,8,u
36,9,u
36,10,u
36,11,u
36,12,u
36,13,u
36,14,b
36,15,u
36,16,b
36,17,b
36,18,u
36,19,b
36,20,u
36,21,u
36,22,u
36,23,u
36,24,b
36,25,u
36,26,b
36,27,u
36,28,u
36,29,b
36,30,b
36,31,u
36,32,u
36,33,u
36,34,u
36,35,b
36,36,u
36,37,u
36,38,u
36,39,b
36,40,u
36,41,b
36,42,b
36,43,b
36,44,u
36,45,b
36,46,u
36,47,u
36,48,b
36,49,u
36,50,u
36,51,u
36,52,u
36,53,u
36,54,u
36,55,u
36,56,u
36,57,b
36,58,u
36,59,u
36,60,u
36,61,u
36,62,u
36,63,b
36,64,u
36,65,u
36,66,u
36,67,b
36,68,u
36,69,u
36,70,b
36,71,b
36,72,b
36,73,u
36,74,u
36,75,u
36,76,u
36,77,b
36,78,b
36,79,u
36,80,u
36,81,b
36,82,b
36,83,u
36,84,u
36,85,u
36,86,u
36,87,u
36,88,u
36,89,u
36,90,b
36,91,u
36,92,u
36,93,u
36,94,u
36,95,u
36,96,b
36,97,u
36,98,u
36,99,u
36,100,b
37,0,b
37,1,u
37,2,b
37,3,b
37,4,b
37,5,b
37,6,u
37,7,b
37,8,u
37,9,u
37,10,u
37,11,u
37,12,b
37,13,u
37,14,b
37,15,u
37,16,u
37,17,u
37,18,u
37,19,u
37,20,u
37,21,u
37,22,u
37,23,u
37,24,u
37,25,u
37,26,b
37,27,b
37,28,u
37,29,u
37,30,b
37,31,u
37,32,u
37,33,u
37,34,u
37,35,u
37,36,u
37,37,u
37,38,u
37,39,u
37,40,u
37,41,u
37,42,u
37,43,u
37,44,u
37,45,u
37,46,u
37,47,u
37,48,u
37,49,u
37,50,b
37,51,u
37,52,u
37,53,u
37,54,u
37,55,b
37,56,b
37,57,u
37,58,u
37,59,u
37,60,b
37,61,u
37,62,u
37,63,u
37,64,b
37,65,u
37,66,u
37,67,u
37,68,b
37,69,b
37,70,u
37,71,u
37,72,b
37,73,u
37,74,u
37,75,u
37,76,u
37,77,u
37,78,u
37,79,u
37,80,b
37,81,b
37,82,u
37,83,b
37,84,u
37,85,u
37,86,b
37,87,u
37,88,b
37,89,u
37,90,b
37,91,b
37,92,u
37,93,b
37,94,u
37,95,b
37,96,u
37,97,u
37,98,u
37,99,u
37,100,u
38,0,u
38,1,u
38,2,u
38,3,b
38,4,u
38,5,u
38,6,u
38,7,b
38,8,b
38,9,u
38,10,u
38,11,b
38,12,u
38,13,u
38,14,b
38,15,u
38,16,u
38,17,b
38,18,u
38,19,u
38,20,u
38,21,b
38,22,u
38,23,u
38,24,u
38,25,u
38,26,u
38,27,b
38,28,b
38,29,u
38,30,b
38,31,b
38,32,u
38,33,u
38,34,u
38,35,b
38,36,u
38,37,u
38,38,u
38,39,u
38,40,u
38,41,u
38,42,u
38,43,u
38,44,u
38,45,u
38,46,u
38,47,u
38,48,u
38,49,b
38,50,u
38,51,u
38,52,u
38,53,u
38,54,u
38,55,b
38,56,u
38,57,u
38,58,b
38,59,u
38,60,u
38,61,u
38,62,u
38,63,u
38,64,u
38,65,u
38,66,u
38,67,u
38,68,u
38,69,u
38,70,b
38,71,b
38,72,u
38,73,u
38,74,u
38,75,b
38,76,u
38,77,u
38,78,b
38,79,b
38,80,u
38,81,u
38,82,b
38,83,u
38,84,b
38,85,u
38,86,u
38,87,u
38,88,u
38,89,u
38,90,u
38,91,u
38,92,u
38,93,b
38,94,u
38,95,u
38,96,u
38,97,u
38,98,u
38,99,u
38,100,u
39,0,u
39,1,b
39,2,u
39,3,u
39,4,u
39,5,u
39,6,b
39,7,u
39,8,b
39,9,u
39,10,b
39,11,u
39,12,u
39,13,b
39,14,b
39,15,u
39,16,b
39,17,b
39,18,b
39,19,u
39,20,u
39,21,b
39,22,b
39,23,u
39,24,b
39,25,u
39,26,b
39,27,b
39,28,u
39,29,u
39,30,u
39,31,u
39,32,u
39,33,b
39,34,u
39,35,u
39,36,u
39,37,b
39,38,b
39,39,u
39,40,u
39,41,u
39,42,u
39,43,u
39,44,u
39,45,u
39,46,u
39,47,u
39,48,u
39,49,u
39,50,b
39,51,u
39,52,u
39,53,b
39,54,b
39,55,u
39,56,b
39,57,b
39,58,b
39,59,b
39,60,b
39,61,b
39,62,b
39,63,b
39,64,b
39,65,u
39,66,u
39,67,u
39,68,b
39,69,u
39,70,u
39,71,b
39,72,u
39,73,u
39,74,u
39,75,b
39,76,u
39,77,u
39,78,b
39,79,b
39,80,b
39,81,u
39,82,u
39,83,u
39,84,u
39,85,u
39,86,u
39,87,u
39,88,u
39,89,b
39,90,u
39,91,u
39,92,u
39,93,u
39,94,b
39,95,u
39,96,u
39,97,u
39,98,u
39,99,u
39,100,u
40,0,u
40,1,u
40,2,u
40,3,b
40,4,u
40,5,b
40,6,u
40,7,b
40,8,b
40,9,b
40,10,b
40,11,u
40,12,u
40,13,u
40,14,u
40,15,b
40,16,u
40,17,b
40,18,u
40,19,u
40,20,u
40,21,b
40,22,u
40,23,u
40,24,b
40,25,u
40,26,u
40,27,b
40,28,u
40,29,b
40,30,b
40,31,u
40,32,u
40,33,u
40,34,u
40,35,u
40,36,u
40,37,u
40,38,b
40,39,b
40,40,u
40,41,u
40,42,u
40,43,u
40,44,u
40,45,u
40,46,u
40,47,u
40,48,b
40,49,b
40,50,u
40,51,b
40,52,u
40,53,u
40,54,u
40,55,u
40,56,u
40,57,u
40,58,b
40,59,u
40,60,u
40,61,u
40,62,u
40,63,b
40,64,u
40,65,u
40,66,u
40,67,u
40,68,u
40,69,b
40,70,u
40,71,b
40,72,u
40,73,u
40,74,u
40,75,u
40,76,u
40,77,u
40,78,b
40,79,u
40,80,u
40,81,b
40,82,u
40,83,b
40,84,b
40,85,u
40,86,b
40,87,u
40,88,b
40,89,u
40,90,b
40,91,u
40,92,u
40,93,u
40,94,b
40,95,b
40,96,u
40,97,u
40,98,u
40,99,u
40,100,u
41,0,u
41,1,u
41,2,u
41,3,u
41,4,u
41,5,u
41,6,u
41,7,u
41,8,u
41,9,u
41,10,b
41,11,u
41,12,u
41,13,b
41,14,u
41,15,u
41,16,b
41,17,u
41,18,u
41,19,b
41,20,b
41,21,u
41,22,u
41,23,b
41,24,u
41,25,b
41,26,b
41,27,u
41,28,u
41,29,b
41,30,u
41,31,u
41,32,u
41,33,u
41,34,b
41,35,u
41,36,u
41,37,u
41,38,u
41,39,u
41,40,b
41,41,u
41,42,b
41,43,u
41,44,b
41,45,u
41,46,b
41,47,u
41,48,u
41,49,u
41,50,u
41,51,u
41,52,u
41,53,b
41,54,u
41,55,b
41,56,b
41,57,b
41,58,u
41,59,b
41,60,u
41,61,u
41,62,b
41,63,u
41,64,b
41,65,b
41,66,u
41,67,u
41,68,u
41,69,b
41,70,u
41,71,b
41,72,u
41,73,u
41,74,u
41,75,u
41,76,u
41,77,u
41,78,u
41,79,b
41,80,u
41,81,b
41,82,b
41,83,u
41,84,b
41,85,u
41,86,u
41,87,u
41,88,u
41,89,u
41,90,u
41,91,u
41,92,u
41,93,u
41,94,b
41,95,b
41,96,u
41,97,u
41,98,b
41,99,u
41,100,u
42,0,u
42,1,u
42,2,u
42,3,u
42,4,u
42,5,u
42,6,b
42,7,u
42,8,u
42,9,b
42,10,u
42,11,u
42,12,u
42,13,b
42,14,b
42,15,u
42,16,u
42,17,u
42,18,u
42,19,u
42,20,u
42,21,u
42,22,u
42,23,b
42,24,b
42,25,b
42,26,u
42,27,b
42,28,u
42,29,b
42,30,u
42,31,b
42,32,b
42,33,u
42,34,u
42,35,u
42,36,u
42,37,u
42,38,u
42,39,u
42,40,b
42,41,b
42,42,b
42,43,u
42,44,u
42,45,u
42,46,u
42,47,u
42,48,u
42,49,u
42,50,u
42,51,u
42,52,u
42,53,u
42,54,u
42,55,u
42,56,u
42,57,b
42,58,b
42,59,u
42,60,b
42,61,b
42,62,b
42,63,u
42,64,b
42,65,u
42,66,b
42,67,u
42,68,b
42,69,b
42,70,b
42,71,u
42,72,u
42,73,b
42,74,u
42,75,u
42,76,b
42,77,b
42,78,u
42,79,u
42,80,u
42,81,u
42,82,u
42,83,u
42,84,u
42,85,u
42,86,u
42,87,u
42,88,u
42,89,u
42,90,b
42,91,b
42,92,b
42,93,b
42,94,b
42,95,u
42,96,u
42,97,b
42,98,b
42,99,b
42,100,u
43,0,u
43,1,b
43,2,u
43,3,u
43,4,u
43,5,u
43,6,u
43,7,b
43,8,b
43,9,b
43,10,u
43,11,u
43,12,b
43,13,u
43,14,u
43,15,u
43,16,u
43,17,b
43,18,b
43,19,u
43,20,u
43,21,u
43,22,u
43,23,b
43,24,u
43,25,b
43,26,u
43,27,u
43,28,u
43,29,b
43,30,u
43,31,u
43,32,u
43,33,b
43,34,b
43,35,u
43,36,b
43,37,b
43,38,u
43,39,b
43,40,u
43,41,u
43,42,u
43,43,u
43,44,b
43,45,u
43,46,b
43,47,u
43,48,u
43,49,b
43,50,u
43,51,u
43,52,b
43,53,u
43,54,u
43,55,u
43,56,b
43,57,u
43,58,u
43,59,u
43,60,b
43,61,u
43,62,b
43,63,u
43,64,b
43,65,u
43,66,b
43,67,u
43,68,u
43,69,u
43,70,u
43,71,b
43,72,u
43,73,u
43,74,u
43,75,u
43,76,u
43,77,u
43,78,u
43,79,u
43,80,u
43,81,u
43,82,u
43,83,b
43,84,u
43,85,b
43,86,u
43,87,b
43,88,b
43,89,b
43,90,b
43,91,b
43,92,u
43,93,b
43,94,u
43,95,b
43,96,b
43,97,u
43,98,u
43,99,u
43,100,b
44,0,u
44,1,u
44,2,b
44,3,u
44,4,u
44,5,u
44,6,u
44,7,u
44,8,u
44,9,u
44,10,u
44,11,b
44,12,u
44,13,u
44,14,u
44,15,u
44,16,u
44,17,u
44,18,u
44,19,u
44,20,u
44,21,u
44,22,b
44,23,b
44,24,b
44,25,u
44,26,u
44,27,b
44,28,u
44,29,u
44,30,u
44,31,u
44,32,u
44,33,b
44,34,b
44,35,u
44,36,u
44,37,u
44,38,u
44,39,b
44,40,b
44,41,b
44,42,u
44,43,u
44,44,b
44,45,u
44,46,u
44,47,u
44,48,b
44,49,b
44,50,u
44,51,b
44,52,u
44,53,b
44,54,b
44,55,u
44,56,u
44,57,u
44,58,b
44,59,b
44,60,u
44,61,b
44,62,u
44,63,u
44,64,u
44,65,u
44,66,u
44,67,u
44,68,b
44,69,u
44,70,u
44,71,u
44,72,b
44,73,u
44,74,u
44,75,b
44,76,b
44,77,b
44,78,b
44,79,b
44,80,b
44,81,u
44,82,u
44,83,u
44,84,u
44,85,u
44,86,u
44,87,b
44,88,u
44,89,u
44,90,u
44,91,u
44,92,u
44,93,u
44,94,u
44,95,b
44,96,u
44,97,u
44,98,b
44,99,b
44,100,u
45,0,b
45,1,b
45,2,u
45,3,b
45,4,b
45,5,u
45,6,u
45,7,u
45,8,b
45,9,u
45,10,u
45,11,u
45,12,b
45,13,u
45,14,u
45,15,b
45,16,u
45,17,b
45,18,u
45,19,b
45,20,u
45,21,b
45,22,u
45,23,u
45,24,b
45,25,u
45,26,u
45,27,u
45,28,u
45,29,u
45,30,u
45,31,u
45,32,b
45,33,u
45,34,b
45,35,u
45,36,b
45,37,u
45,38,u
45,39,u
45,40,u
45,41,b
45,42,u
45,43,b
45,44,u
45,45,b
45,46,b
45,47,u
45,48,u
45,49,u
45,50,u
45,51,b
45,52,u
45,53,b
45,54,u
45,55,b
45,56,b
45,57,u
45,58,b
45,59,b
45,60,u
45,61,u
45,62,b
45,63,u
45,64,u
45,65,u
45,66,u
45,67,u
45,68,u
45,69,u
45,70,u
45,71,u
45,72,u
45,73,b
45,74,u
45,75,u
45,76,u
45,77,u
45,78,u
45,79,u
45,80,u
45,81,u
45,82,u
45,83,u
45,84,u
45,85,b
45,86,b
45,87,b
45,88,b
45,89,u
45,90,b
45,91,u
45,92,u
45,93,b
45,94,b
45,95,u
45,96,b
45,97,u
45,98,u
45,99,u
45,100,u
46,0,u
46,1,u
46,2,b
46,3,u
46,4,b
46,5,u
46,6,u
46,7,u
46,8,b
46,9,b
46,10,u
46,11,u
46,12,u
46,13,b
46,14,u
46,15,b
46,16,u
46,17,b
46,18,b
46,19,u
46,20,b
46,21,u
46,22,u
46,23,u
46,24,b
46,25,u
46,26,u
46,27,b
46,28,b
46,29,u
46,30,u
46,31,u
46,32,b
46,33,u
46,34,u
46,35,b
46,36,u
46,37,u
46,38,b
46,39,u
46,40,u
46,41,u
46,42,u
46,43,b
46,44,u
46,45,u
46,46,u
46,47,u
46,48,u
46,49,u
46,50,b
46,51,u
46,52,u
46,53,b
46,54,u
46,55,u
46,56,u
46,57,u
46,58,u
46,59,u
46,60,b
46,61,u
46,62,u
46,63,b
46,64,u
46,65,u
46,66,u
46,67,b
46,68,u
46,69,u
46,70,u
46,71,b
46,72,b
46,73,b
46,74,b
46,75,b
46,76,u
46,77,u
46,78,b
46,79,u
46,80,b
46,81,b
46,82,u
46,83,u
46,84,u
46,85,u
46,86,u
46,87,b
46,88,b
46,89,u
46,90,b
46,91,u
46,92,u
46,93,u
46,94,u
46,95,u
46,96,u
46,97,u
46,98,u
46,99,b
46,100,u
47,0,b
47,1,u
47,2,u
47,3,u
47,4,u
47,5,u
47,6,b
47,7,u
47,8,u
47,9,b
47,10,b
47,11,b
47,12,u
47,13,u
47,14,b
47,15,b
47,16,u
47,17,u
47,18,u
47,19,u
47,20,u
47,21,u
47,22,u
47,23,u
47,24,b
47,25,b
47,26,u
47,27,u
47,28,b
47,29,b
47,30,b
47,31,b
47,32,u
47,33,b
47,34,u
47,35,u
47,36,u
47,37,u
47,38,u
47,39,u
47,40,b
47,41,b
47,42,u
47,43,u
47,44,b
47,45,b
47,46,b
47,47,u
47,48,u
47,49,u
47,50,u
47,51,u
47,52,b
47,53,u
47,54,u
47,55,u
47,56,u
47,57,u
47,58,b
47,59,b
47,60,u
47,61,u
47,62,b
47,63,u
47,64,u
47,65,b
47,66,u
47,67,u
47,68,u
47,69,u
47,70,u
47,71,b
47,72,u
47,73,b
47,74,u
47,75,u
47,76,u
47,77,u
47,78,b
47,79,u
47,80,b
47,81,u
47,82,u
47,83,u
47,84,b
47,85,b
47,86,u
47,87,u
47,88,u
47,89,b
47,90,u
47,91,u
47,92,u
47,93,b
47,94,u
47,95,u
47,96,u
47,97,u
47,98,u
47,99,b
47,100,b
48,0,u
48,1,u
48,2,u
48,3,u
48,4,u
48,5,b
48,6,u
48,7,u
48,8,u
48,9,u
48,10,u
48,11,u
48,12,u
48,13,u
48,14,b
48,15,u
48,16,u
48,17,u
48,18,b
48,19,b
48,20,u
48,21,u
48,22,u
48,23,b
48,24,u
48,25,b
48,26,b
48,27,b
48,28,u
48,29,b
48,30,u
48,31,u
48,32,u
48,33,u
48,34,b
48,35,u
48,36,u
48,37,u
48,38,u
48,39,u
48,40,u
48,41,u
48,42,u
48,43,u
48,44,u
48,45,u
48,46,u
48,47,u
48,48,u
48,49,u
48,50,u
48,51,u
48,52,u
48,53,b
48,54,b
48,55,u
48,56,u
48,57,u
48,58,b
48,59,u
48,60,u
48,61,u
48,62,u
48,63,u
48,64,b
48,65,u
48,66,b
48,67,u
48,68,b
48,69,u
48,70,u
48,71,b
48,72,u
48,73,u
48,74,u
48,75,u
48,76,b
48,77,u
48,78,u
48,79,u
48,80,u
48,81,u
48,82,u
48,83,u
48,84,u
48,85,b
48,86,u
48,87,b
48,88,u
48,89,u
48,90,u
48,91,u
48,92,b
48,93,u
48,94,b
48,95,b
48,96,b
48,97,u
48,98,b
48,99,u
48,100,u
49,0,b
49,1,u
49,2,b
49,3,u
49,4,u
49,5,u
49,6,b
49,7,u
49,8,u
49,9,b
49,10,u
49,11,u
49,12,b
49,13,b
49,14,u
49,15,u
49,16,u
49,17,u
49,18,b
49,19,b
49,20,u
49,21,b
49,22,u
49,23,b
49,24,b
49,25,u
49,26,b
49,27,b
49,28,u
49,29,u
49,30,u
49,31,u
49,32,u
49,33,u
49,34,b
49,35,u
49,36,b
49,37,b
49,38,u
49,39,b
49,40,b
49,41,u
49,42,b
49,43,u
49,44,u
49,45,u
49,46,b
49,47,u
49,48,b
49,49,u
49,50,u
49,51,b
49,52,u
49,53,b
49,54,b
49,55,u
49,56,u
49,57,b
49,58,u
49,59,b
49,60,u
49,61,u
49,62,u
49,63,u
49,64,b
49,65,b
49,66,u
49,67,u
49,68,b
49,69,b
49,70,b
49,71,u
49,72,u
49,73,u
49,74,b
49,75,u
49,76,u
49,77,u
49,78,u
49,79,u
49,80,u
49,81,u
49,82,u
49,83,u
49,84,u
49,85,u
49,86,u
49,87,u
49,88,u
49,89,u
49,90,b
49,91,u
49,92,u
49,93,b
49,94,u
49,95,u
49,96,b
49,97,b
49,98,u
49,99,u
49,100,u
50,0,u
50,1,u
50,2,u
50,3,u
50,4,u
50,5,u
50,6,u
50,7,b
50,8,u
50,9,u
50,10,u
50,11,b
50,12,u
50,13,u
50,14,u
50,15,u
50,16,u
50,17,u
50,18,u
50,19,b
50,20,u
50,21,b
50,22,u
50,23,u
50,24,u
50,25,u
50,26,u
50,27,b
50,28,b
50,29,u
50,30,u
50,31,u
50,32,u
50,33,u
50,34,u
50,35,b
50,36,b
50,37,b
50,38,u
50,39,u
50,40,u
50,41,u
50,42,b
50,43,u
50,44,u
50,45,u
50,46,u
50,47,b
50,48,u
50,49,u
50,50,u
50,51,u
50,52,u
50,53,u
50,54,b
50,55,u
50,56,b
50,57,b
50,58,u
50,59,u
50,60,u
50,61,u
50,62,u
50,63,u
50,64,u
50,65,u
50,66,b
50,67,b
50,68,u
50,69,b
50,70,u
50,71,u
50,72,u
50,73,u
50,74,u
50,75,u
50,76,b
50,77,u
50,78,b
50,79,b
50,80,u
50,81,b
50,82,u
50,83,b
50,84,u
50,85,u
50,86,u
50,87,u
50,88,u
50,89,u
50,90,u
50,91,u
50,92,u
50,93,u
50,94,b
50,95,u
50,96,u
50,97,u
50,98,u
50,99,b
50,100,u
51,0,b
51,1,u
51,2,u
51,3,u
51,4,b
51,5,u
51,6,u
51,7,u
51,8,b
51,9,b
51,10,u
51,11,b
51,12,u
51,13,u
51,14,u
51,15,u
51,16,u
51,17,b
51,18,b
51,19,b
51,20,b
51,21,b
51,22,b
51,23,u
51,24,u
51,25,u
51,26,u
51,27,u
51,28,u
51,29,u
51,30,u
51,31,u
51,32,b
51,33,u
51,34,u
51,35,b
51,36,b
51,37,u
51,38,u
51,39,u
51,40,b
51,41,u
51,42,b
51,43,u
51,44,u
51,45,u
51,46,u
51,47,u
51,48,u
51,49,b
51,50,u
51,51,u
51,52,u
51,53,u
51,54,b
51,55,u
51,56,u
51,57,u
51,58,u
51,59,u
51,60,u
51,61,u
51,62,b
51,63,b
51,64,u
51,65,b
51,66,u
51,67,u
51,68,b
51,69,u
51,70,b
51,71,b
51,72,u
51,73,b
51,74,u
51,75,u
51,76,u
51,77,b
51,78,u
51,79,b
51,80,u
51,81,u
51,82,u
51,83,u
51,84,u
51,85,u
51,86,u
51,87,u
51,88,u
51,89,b
51,90,b
51,91,u
51,92,u
51,93,u
51,94,u
51,95,u
51,96,u
51,97,u
51,98,u
51,99,u
51,100,u
52,0,u
52,1,b
52,2,b
52,3,u
52,4,u
52,5,u
52,6,u
52,7,b
52,8,b
52,9,b
52,10,u
52,11,b
52,12,u
52,13,u
52,14,u
52,15,b
52,16,u
52,17,u
52,18,b
52,19,u
52,20,u
52,21,b
52,22,b
52,23,b
52,24,u
52,25,u
52,26,b
52,27,b
52,28,u
52,29,u
52,30,b
52,31,b
52,32,b
52,33,u
52,34,b
52,35,b
52,36,u
52,37,b
52,38,b
52,39,b
52,40,u
52,41,u
52,42,u
52,43,u
52,44,u
52,45,b
52,46,b
52,47,u
52,48,u
52,49,u
52,50,u
52,51,u
52,52,u
52,53,b
52,54,b
52,55,u
52,56,u
52,57,u
52,58,u
52,59,u
52,60,u
52,61,u
52,62,b
52,63,b
52,64,u
52,65,u
52,66,u
52,67,b
52,68,u
52,69,u
52,70,b
52,71,b
52,72,u
52,73,u
52,74,b
52,75,u
52,76,u
52,77,u
52,78,u
52,79,b
52,80,u
52,81,u
52,82,b
52,83,u
52,84,u
52,85,u
52,86,b
52,87,u
52,88,u
52,89,b
52,90,u
52,91,u
52,92,u
52,93,b
52,94,u
52,95,b
52,96,b
52,97,b
52,98,u
52,99,b
52,100,u
53,0,u
53,1,u
53,2,b
53,3,u
53,4,b
53,5,u
53,6,b
53,7,b
53,8,u
53,9,u
53,10,u
53,11,u
53,12,u
53,13,u
53,14,u
53,15,u
53,16,b
53,17,u
53,18,u
53,19,b
53,20,b
53,21,u
53,22,u
53,23,b
53,24,u
53,25,u
53,26,u
53,27,u
53,28,b
53,29,u
53,30,u
53,31,u
53,32,b
53,33,u
53,34,u
53,35,u
53,36,u
53,37,b
53,38,b
53,39,u
53,40,u
53,41,u
53,42,u
53,43,b
53,44,u
53,45,b
53,46,b
53,47,u
53,48,u
53,49,u
53,50,u
53,51,u
53,52,b
53,53,u
53,54,b
53,55,b
53,56,u
53,57,u
53,58,b
53,59,u
53,60,u
53,61,u
53,62,u
53,63,u
53,64,u
53,65,u
53,66,u
53,67,b
53,68,u
53,69,u
53,70,u
53,71,u
53,72,u
53,73,b
53,74,u
53,75,b
53,76,u
53,77,u
53,78,u
53,79,u
53,80,b
53,81,b
53,82,b
53,83,u
53,84,u
53,85,u
53,86,u
53,87,u
53,88,b
53,89,u
53,90,u
53,91,b
53,92,b
53,93,u
53,94,u
53,95,u
53,96,b
53,97,u
53,98,u
53,99,u
53,100,u
54,0,b
54,1,u
54,2,u
54,3,u
54,4,b
54,5,u
54,6,u
54,7,u
54,8,u
54,9,u
54,10,u
54,11,u
54,12,u
54,13,u
54,14,u
54,15,b
54,16,u
54,17,u
54,18,u
54,19,u
54,20,u
54,21,u
54,22,u
54,23,u
54,24,u
54,25,b
54,26,u
54,27,u
54,28,u
54,29,u
54,30,u
54,31,b
54,32,u
54,33,u
54,34,u
54,35,b
54,36,u
54,37,b
54,38,b
54,39,u
54,40,b
54,41,u
54,42,u
54,43,b
54,44,u
54,45,b
54,46,u
54,47,u
54,48,b
54,49,u
54,50,u
54,51,b
54,52,u
54,53,u
54,54,b
54,55,u
54,56,u
54,57,u
54,58,b
54,59,b
54,60,b
54,61,u
54,62,u
54,63,u
54,64,u
54,65,u
54,66,u
54,67,u
54,68,u
54,69,b
54,70,u
54,71,b
54,72,u
54,73,b
54,74,u
54,75,u
54,76,b
54,77,u
54,78,b
54,79,u
54,80,u
54,81,u
54,82,u
54,83,u
54,84,u
54,85,u
54,86,u
54,87,u
54,88,u
54,89,u
54,90,u
54,91,u
54,92,u
54,93,u
54,94,u
54,95,u
54,96,u
54,97,b
54,98,u
54,99,u
54,100,u
55,0,b
55,1,u
55,2,u
55,3,u
55,4,u
55,5,u
55,6,u
55,7,b
55,8,u
55,9,u
55,10,b
55,11,u
55,12,b
55,13,u
55,14,u
55,15,u
55,16,u
55,17,b
55,18,u
55,19,b
55,20,u
55,21,b
55,22,u
55,23,u
55,24,u
55,25,u
55,26,u
55,27,u
55,28,u
55,29,u
55,30,u
55,31,u
55,32,u
55,33,u
55,34,u
55,35,b
55,36,u
55,37,b
55,38,u
55,39,u
55,40,u
55,41,b
55,42,u
55,43,b
55,44,u
55,45,b
55,46,u
55,47,u
55,48,u
55,49,u
55,50,u
55,51,u
55,52,u
55,53,u
55,54,u
55,55,u
55,56,u
55,57,u
55,58,b
55,59,b
55,60,u
55,61,u
55,62,u
55,63,b
55,64,b
55,65,u
55,66,u
55,67,u
55,68,b
55,69,u
55,70,u
55,71,u
55,72,u
55,73,u
55,74,u
55,75,b
55,76,u
55,77,b
55,78,u
55,79,u
55,80,b
55,81,u
55,82,u
55,83,u
55,84,u
55,85,u
55,86,u
55,87,u
55,88,u
55,89,u
55,90,u
55,91,b
55,92,u
55,93,u
55,94,u
55,95,u
55,96,u
55,97,u
55,98,u
55,99,u
55,100,u
56,0,u
56,1,u
56,2,u
56,3,u
56,4,u
56,5,u
56,6,u
56,7,u
56,8,u
56,9,u
56,10,u
56,11,u
56,12,u
56,13,u
56,14,b
56,15,b
56,16,u
56,17,u
56,18,b
56,19,b
56,20,u
56,21,u
56,22,b
56,23,u
56,24,b
56,25,u
56,26,b
56,27,u
56,28,u
56,29,u
56,30,u
56,31,b
56,32,b
56,33,u
56,34,b
56,35,b
56,36,u
56,37,u
56,38,u
56,39,u
56,40,b
56,41,u
56,42,b
56,43,b
56,44,u
56,45,u
56,46,u
56,47,u
56,48,u
56,49,u
56,50,b
56,51,b
56,52,u
56,53,u
56,54,b
56,55,u
56,56,u
56,57,u
56,58,u
56,59,u
56,60,b
56,61,u
56,62,u
56,63,u
56,64,u
56,65,u
56,66,u
56,67,u
56,68,u
56,69,u
56,70,u
56,71,b
56,72,u
56,73,u
56,74,u
56,75,u
56,76,u
56,77,u
56,78,b
56,79,b
56,80,b
56,81,u
56,82,u
56,83,u
56,84,u
56,85,u
56,86,u
56,87,b
56,88,u
56,89,u
56,90,b
56,91,b
56,92,u
56,93,u
56,94,u
56,95,u
56,96,u
56,97,u
56,98,u
56,99,b
56,100,b
57,0,u
57,1,u
57,2,u
57,3,u
57,4,u
57,5,b
57,6,u
57,7,u
57,8,u
57,9,u
57,10,u
57,11,b
57,12,u
57,13,u
57,14,u
57,15,u
57,16,b
57,17,u
57,18,u
57,19,u
57,20,u
57,21,b
57,22,u
57,23,u
57,24,u
57,25,u
57,26,b
57,27,u
57,28,u
57,29,u
57,30,b
57,31,u
57,32,b
57,33,b
57,34,u
57,35,u
57,36,u
57,37,u
57,38,u
57,39,u
57,40,b
57,41,b
57,42,b
57,43,u
57,44,b
57,45,u
57,46,u
57,47,u
57,48,u
57,49,u
57,50,u
57,51,b
57,52,u
57,53,u
57,54,u
57,55,u
57,56,u
57,57,b
57,58,u
57,59,u
57,60,b
57,61,u
57,62,u
57,63,u
57,64,b
57,65,u
57,66,u
57,67,u
57,68,u
57,69,b
57,70,u
57,71,u
57,72,b
57,73,u
57,74,b
57,75,b
57,76,u
57,77,u
57,78,u
57,79,b
57,80,u
57,81,b
57,82,u
57,83,u
57,84,u
57,85,u
57,86,u
57,87,u
57,88,u
57,89,b
57,90,u
57,91,u
57,92,b
57,93,u
57,94,u
57,95,b
57,96,u
57,97,u
57,98,u
57,99,u
57,100,b
58,0,u
58,1,b
58,2,u
58,3,b
58,4,u
58,5,u
58,6,u
58,7,u
58,8,u
58,9,u
58,10,u
58,11,b
58,12,u
58,13,u
58,14,b
58,15,u
58,16,u
58,17,u
58,18,u
58,19,b
58,20,u
58,21,u
58,22,u
58,23,b
58,24,u
58,25,u
58,26,u
58,27,b
58,28,u
58,29,u
58,30,b
58,31,u
58,32,b
58,33,u
58,34,b
58,35,u
58,36,u
58,37,u
58,38,u
58,39,u
58,40,u
58,41,u
58,42,u
58,43,b
58,44,u
58,45,b
58,46,u
58,47,u
58,48,u
58,49,b
58,50,u
58,51,u
58,52,b
58,53,u
58,54,u
58,55,u
58,56,u
58,57,u
58,58,u
58,59,u
58,60,u
58,61,u
58,62,b
58,63,u
58,64,b
58,65,b
58,66,u
58,67,b
58,68,b
58,69,u
58,70,b
58,71,u
58,72,u
58,73,u
58,74,u
58,75,u
58,76,u
58,77,b
58,78,u
58,79,b
58,80,b
58,81,u
58,82,u
58,83,u
58,84,u
58,85,u
58,86,b
58,87,b
58,88,u
58,89,b
58,90,b
58,91,u
58,92,u
58,93,u
58,94,b
58,95,b
58,96,b
58,97,b
58,98,u
58,99,u
58,100,b
59,0,b
59,1,b
59,2,u
59,3,u
59,4,u
59,5,u
59,6,u
59,7,u
59,8,b
59,9,b
59,10,u
59,11,u
59,12,b
59,13,u
59,14,u
59,15,b
59,16,u
59,17,b
59,18,u
59,19,u
59,20,b
59,21,u
59,22,u
59,23,b
59,24,u
59,25,b
59,26,u
59,27,b
59,28,u
59,29,u
59,30,b
59,31,u
59,32,u
59,33,u
59,34,u
59,35,u
59,36,u
59,37,u
59,38,b
59,39,u
59,40,u
59,41,b
59,42,u
59,43,u
59,44,u
59,45,u
59,46,u
59,47,b
59,48,b
59,49,b
59,50,u
59,51,u
59,52,u
59,53,u
59,54,u
59,55,u
59,56,u
59,57,b
59,58,u
59,59,u
59,60,b
59,61,b
59,62,b
59,63,u
59,64,u
59,65,u
59,66,u
59,67,u
59,68,u
59,69,u
59,70,u
59,71,u
59,72,u
59,73,u
59,74,u
59,75,u
59,76,b
59,77,u
59,78,u
59,79,u
59,80,b
59,81,u
59,82,u
59,83,u
59,84,u
59,85,u
59,86,u
59,87,u
59,88,b
59,89,u
59,90,b
59,91,b
59,92,u
59,93,u
59,94,u
59,95,u
59,96,u
59,97,u
59,98,u
59,99,u
59,100,u
60,0,u
60,1,u
60,2,u
60,3,u
60,4,u
60,5,b
60,6,u
60,7,u
60,8,u
60,9,b
60,10,u
60,11,b
60,12,u
60,13,u
60,14,u
60,15,b
60,16,u
60,17,u
60,18,u
60,19,u
60,20,u
60,21,b
60,22,b
60,23,u
60,24,u
60,25,b
60,26,u
60,27,b
60,28,u
60,29,u
60,30,u
60,31,u
60,32,u
60,33,u
60,34,u
60,35,b
60,36,u
60,37,b
60,38,u
60,39,u
60,40,b
60,41,u
60,42,u
60,43,u
60,44,u
60,45,u
60,46,b
60,47,u
60,48,b
60,49,u
60,50,b
60,51,b
60,52,b
60,53,u
60,54,u
60,55,u
60,56,b
60,57,u
60,58,u
60,59,b
60,60,u
60,61,u
60,62,b
60,63,u
60,64,u
60,65,b
60,66,u
60,67,u
60,68,b
60,69,u
60,70,u
60,71,u
60,72,u
60,73,u
60,74,u
60,75,b
60,76,u
60,77,u
60,78,u
60,79,u
60,80,u
60,81,u
60,82,u
60,83,b
60,84,b
60,85,b
60,86,u
60,87,u
60,88,u
60,89,u
60,90,b
60,91,b
60,92,u
60,93,u
60,94,u
60,95,u
60,96,u
60,97,u
60,98,b
60,99,u
60,100,u
61,0,u
61,1,u
61,2,u
61,3,u
61,4,u
61,5,u
61,6,u
61,7,u
61,8,u
61,9,u
61,10,u
61,11,u
61,12,u
61,13,u
61,14,b
61,15,b
61,16,u
61,17,u
61,18,u
61,19,b
61,20,u
61,21,b
61,22,b
61,23,b
61,24,u
61,25,b
61,26,u
61,27,u
61,28,b
61,29,b
61,30,b
61,31,u
61,32,u
61,33,b
61,34,b
61,35,u
61,36,u
61,37,u
61,38,u
61,39,u
61,40,u
61,41,b
61,42,b
61,43,u
61,44,u
61,45,b
61,46,u
61,47,b
61,48,b
61,49,b
61,50,u
61,51,b
61,52,u
61,53,u
61,54,u
61,55,b
61,56,u
61,57,b
61,58,b
61,59,u
61,60,u
61,61,b
61,62,b
61,63,b
61,64,u
61,65,u
61,66,b
61,67,u
61,68,u
61,69,u
61,70,u
61,71,b
61,72,u
61,73,u
61,74,u
61,75,u
61,76,u
61,77,u
61,78,b
61,79,u
61,80,b
61,81,b
61,82,u
61,83,u
61,84,b
61,85,u
61,86,u
61,87,u
61,88,b
61,89,u
61,90,u
61,91,b
61,92,u
61,93,u
61,94,b
61,95,u
61,96,u
61,97,b
61,98,u
61,99,u
61,100,u
62,0,u
62,1,u
62,2,u
62,3,u
62,4,u
62,5,b
62,6,u
62,7,b
62,8,u
62,9,u
62,10,u
62,11,b
62,12,b
62,13,u
62,14,u
62,15,u
62,16,u
62,17,u
62,18,b
62,19,u
62,20,u
62,21,u
62,22,u
62,23,b
62,24,u
62,25,b
62,26,b
62,27,b
62,28,u
62,29,u
62,30,u
62,31,u
62,32,u
62,33,u
62,34,u
62,35,u
62,36,u
62,37,b
62,38,u
62,39,u
62,40,b
62,41,u
62,42,b
62,43,u
62,44,u
62,45,u
62,46,u
62,47,b
62,48,b
62,49,u
62,50,u
62,51,b
62,52,u
62,53,u
62,54,b
62,55,b
62,56,b
62,57,b
62,58,u
62,59,u
62,60,u
62,61,b
62,62,u
62,63,u
62,64,u
62,65,u
62,66,b
62,67,b
62,68,u
62,69,b
62,70,b
62,71,u
62,72,u
62,73,u
62,74,b
62,75,u
62,76,b
62,77,u
62,78,b
62,79,u
62,80,u
62,81,u
62,82,u
62,83,u
62,84,u
62,85,b
62,86,b
62,87,u
62,88,u
62,89,u
62,90,u
62,91,u
62,92,b
62,93,b
62,94,u
62,95,u
62,96,b
62,97,b
62,98,b
62,99,u
62,100,u
63,0,u
63,1,u
63,2,u
63,3,b
63,4,u
63,5,u
63,6,u
63,7,u
63,8,b
63,9,u
63,10,b
63,11,u
63,12,b
63,13,u
63,14,b
63,15,u
63,16,u
63,17,u
63,18,u
63,19,u
63,20,u
63,21,u
63,22,b
63,23,u
63,24,u
63,25,u
63,26,u
63,27,u
63,28,u
63,29,u
63,30,u
63,31,u
63,32,b
63,33,u
63,34,u
63,35,u
63,36,b
63,37,u
63,38,u
63,39,b
63,40,b
63,41,u
63,42,b
63,43,b
63,44,u
63,45,u
63,46,u
63,47,u
63,48,u
63,49,b
63,50,u
63,51,u
63,52,b
63,53,u
63,54,u
63,55,u
63,56,b
63,57,b
63,58,u
63,59,u
63,60,u
63,61,u
63,62,u
63,63,u
63,64,u
63,65,u
63,66,u
63,67,u
63,68,u
63,69,u
63,70,u
63,71,u
63,72,b
63,73,b
63,74,u
63,75,b
63,76,b
63,77,u
63,78,u
63,79,b
63,80,u
63,81,b
63,82,u
63,83,b
63,84,u
63,85,u
63,86,u
63,87,u
63,88,u
63,89,u
63,90,u
63,91,u
63,92,u
63,93,b
63,94,u
63,95,b
63,96,u
63,97,u
63,98,b
63,99,u
63,100,b
64,0,u
64,1,u
64,2,b
64,3,b
64,4,u
64,5,b
64,6,u
64,7,u
64,8,b
64,9,u
64,10,u
64,11,u
64,12,u
64,13,b
64,14,b
64,15,u
64,16,b
64,17,u
64,18,u
64,19,b
64,20,u
64,21,u
64,22,u
64,23,b
64,24,u
64,25,b
64,26,u
64,27,u
64,28,u
64,29,u
64,30,u
64,31,b
64,32,b
64,33,u
64,34,b
64,35,u
64,36,b
64,37,b
64,38,u
64,39,b
64,40,u
64,41,u
64,42,u
64,43,u
64,44,u
64,45,b
64,46,u
64,47,u
64,48,u
64,49,u
64,50,u
64,51,u
64,52,u
64,53,b
64,54,u
64,55,u
64,56,u
64,57,u
64,58,u
64,59,u
64,60,u
64,61,b
64,62,u
64,63,b
64,64,b
64,65,u
64,66,u
64,67,b
64,68,b
64,69,u
64,70,b
64,71,u
64,72,b
64,73,b
64,74,u
64,75,u
64,76,u
64,77,u
64,78,u
64,79,b
64,80,u
64,81,u
64,82,u
64,83,u
64,84,b
64,85,u
64,86,u
64,87,u
64,88,b
64,89,u
64,90,u
64,91,u
64,92,u
64,93,b
64,94,b
64,95,u
64,96,u
64,97,u
64,98,u
64,99,u
64,100,b
65,0,u
65,1,b
65,2,u
65,3,b
65,4,b
65,5,u
65,6,b
65,7,u
65,8,b
65,9,u
65,10,u
65,11,u
65,12,u
65,13,u
65,14,b
65,15,u
65,16,u
65,17,u
65,18,b
65,19,u
65,20,b
65,21,u
65,22,b
65,23,u
65,24,b
65,25,u
65,26,b
65,27,u
65,28,b
65,29,b
65,30,u
65,31,u
65,32,u
65,33,u
65,34,u
65,35,u
65,36,u
65,37,u
65,38,b
65,39,u
65,40,b
65,41,u
65,42,u
65,43,u
65,44,u
65,45,u
65,46,u
65,47,b
65,48,u
65,49,u
65,50,b
65,51,u
65,52,u
65,53,u
65,54,b
65,55,u
65,56,b
65,57,u
65,58,u
65,59,u
65,60,u
65,61,u
65,62,u
65,63,u
65,64,u
65,65,u
65,66,u
65,67,b
65,68,u
65,69,u
65,70,u
65,71,u
65,72,u
65,73,b
65,74,u
65,75,u
65,76,u
65,77,u
65,78,u
65,79,u
65,80,u
65,81,b
65,82,u
65,83,u
65,84,b
65,85,u
65,86,b
65,87,u
65,88,u
65,89,u
65,90,u
65,91,b
65,92,u
65,93,u
65,94,u
65,95,u
65,96,u
65,97,u
65,98,u
65,99,u
65,100,u
66,0,b
66,1,u
66,2,b
66,3,b
66,4,u
66,5,u
66,6,u
66,7,b
66,8,u
66,9,b
66,10,u
66,11,u
66,12,u
66,13,u
66,14,b
66,15,u
66,16,b
66,17,b
66,18,u
66,19,u
66,20,u
66,21,u
66,22,b
66,23,b
66,24,u
66,25,u
66,26,u
66,27,u
66,28,u
66,29,b
66,30,b
66,31,u
66,32,b
66,33,u
66,34,u
66,35,u
66,36,u
66,37,b
66,38,b
66,39,u
66,40,u
66,41,u
66,42,u
66,43,u
66,44,u
66,45,u
66,46,u
66,47,u
66,48,b
66,49,b
66,50,b
66,51,u
66,52,u
66,53,b
66,54,b
66,55,b
66,56,u
66,57,u
66,58,u
66,59,b
66,60,u
66,61,u
66,62,u
66,63,u
66,64,u
66,65,b
66,66,b
66,67,b
66,68,u
66,69,u
66,70,u
66,71,u
66,72,b
66,73,u
66,74,u
66,75,u
66,76,u
66,77,u
66,78,b
66,79,u
66,80,b
66,81,u
66,82,u
66,83,u
66,84,b
66,85,b
66,86,u
66,87,u
66,88,u
66,89,u
66,90,u
66,91,u
66,92,b
66,93,u
66,94,b
66,95,b
66,96,u
66,97,b
66,98,u
66,99,u
66,100,u
67,0,b
67,1,u
67,2,u
67,3,u
67,4,b
67,5,u
67,6,b
67,7,u
67,8,b
67,9,u
67,10,u
67,11,u
67,12,b
67,13,b
67,14,u
67,15,u
67,16,u
67,17,u
67,18,u
67,19,u
67,20,u
67,21,u
67,22,u
67,23,u
67,24,u
67,25,u
67,26,u
67,27,u
67,28,u
67,29,b
67,30,b
67,31,u
67,32,u
67,33,u
67,34,u
67,35,u
67,36,b
67,37,u
67,38,u
67,39,u
67,40,u
67,41,u
67,42,u
67,43,b
67,44,u
67,45,b
67,46,u
67,47,u
67,48,b
67,49,u
67,50,u
67,51,u
67,52,b
67,53,u
67,54,b
67,55,u
67,56,b
67,57,b
67,58,u
67,59,b
67,60,u
67,61,u
67,62,u
67,63,u
67,64,u
67,65,u
67,66,b
67,67,u
67,68,b
67,69,u
67,70,u
67,71,u
67,72,b
67,73,u
67,74,u
67,75,u
67,76,b
67,77,b
67,78,u
67,79,u
67,80,b
67,81,u
67,82,b
67,83,u
67,84,u
67,85,b
67,86,u
67,87,u
67,88,u
67,89,u
67,90,u
67,91,u
67,92,u
67,93,u
67,94,b
67,95,u
67,96,b
67,97,u
67,98,b
67,99,u
67,100,u
68,0,b
68,1,b
68,2,u
68,3,u
68,4,u
68,5,u
68,6,u
68,7,u
68,8,u
68,9,b
68,10,u
68,11,b
68,12,u
68,13,u
68,14,b
68,15,u
68,16,u
68,17,b
68,18,u
68,19,b
68,20,u
68,21,u
68,22,u
68,23,u
68,24,u
68,25,u
68,26,u
68,27,u
68,28,u
68,29,u
68,30,u
68,31,u
68,32,b
68,33,u
68,34,u
68,35,b
68,36,u
68,37,u
68,38,b
68,39,u
68,40,u
68,41,b
68,42,u
68,43,u
68,44,u
68,45,b
68,46,u
68,47,b
68,48,b
68,49,u
68,50,u
68,51,b
68,52,b
68,53,u
68,54,b
68,55,b
68,56,u
68,57,u
68,58,u
68,59,u
68,60,b
68,61,u
68,62,u
68,63,u
68,64,u
68,65,b
68,66,u
68,67,b
68,68,u
68,69,u
68,70,u
68,71,u
68,72,u
68,73,u
68,74,b
68,75,b
68,76,u
68,77,u
68,78,b
68,79,u
68,80,u
68,81,b
68,82,b
68,83,b
68,84,b
68,85,u
68,86,u
68,87,b
68,88,b
68,89,u
68,90,u
68,91,u
68,92,u
68,93,b
68,94,b
68,95,u
68,96,u
68,97,b
68,98,b
68,99,u
68,100,u
69,0,b
69,1,u
69,2,b
69,3,u
69,4,u
69,5,u
69,6,u
69,7,u
69,8,u
69,9,u
69,10,u
69,11,u
69,12,u
69,13,u
69,14,b
69,15,u
69,16,u
69,17,u
69,18,u
69,19,b
69,20,u
69,21,u
69,22,u
69,23,b
69,24,u
69,25,b
69,26,u
69,27,u
69,28,u
69,29,u
69,30,u
69,31,u
69,32,b
69,33,u
69,34,b
69,35,u
69,36,u
69,37,b
69,38,u
69,39,u
69,40,u
69,41,b
69,42,u
69,43,b
69,44,b
69,45,u
69,46,u
69,47,u
69,48,u
69,49,b
69,50,u
69,51,u
69,52,u
69,53,u
69,54,u
69,55,u
69,56,u
69,57,u
69,58,u
69,59,u
69,60,u
69,61,u
69,62,u
69,63,b
69,64,u
69,65,b
69,66,u
69,67,b
69,68,u
69,69,u
69,70,u
69,71,u
69,72,u
69,73,u
69,74,u
69,75,b
69,76,u
69,77,u
69,78,b
69,79,b
69,80,u
69,81,b
69,82,u
69,83,u
69,84,u
69,85,u
69,86,u
69,87,u
69,88,b
69,89,u
69,90,u
69,91,b
69,92,b
69,93,u
69,94,u
69,95,u
69,96,b
69,97,u
69,98,u
69,99,u
69,100,u
70,0,u
70,1,u
70,2,b
70,3,u
70,4,u
70,5,u
70,6,u
70,7,u
70,8,b
70,9,u
70,10,u
70,11,b
70,12,u
70,13,b
70,14,u
70,15,u
70,16,u
70,17,u
70,18,u
70,19,u
70,20,u
70,21,u
70,22,u
70,23,u
70,24,b
70,25,u
70,26,u
70,27,u
70,28,u
70,29,u
70,30,u
70,31,b
70,32,u
70,33,u
70,34,u
70,35,u
70,36,u
70,37,u
70,38,u
70,39,u
70,40,u
70,41,b
70,42,u
70,43,u
70,44,b
70,45,u
70,46,u
70,47,u
70,48,b
70,49,b
70,50,u
70,51,u
70,52,b
70,53,u
70,54,u
70,55,u
70,56,u
70,57,b
70,58,b
70,59,b
70,60,u
70,61,b
70,62,u
70,63,u
70,64,u
70,65,u
70,66,u
70,67,u
70,68,u
70,69,u
70,70,u
70,71,u
70,72,u
70,73,b
70,74,b
70,75,u
70,76,b
70,77,b
70,78,u
70,79,u
70,80,u
70,81,b
70,82,u
70,83,u
70,84,u
70,85,u
70,86,b
70,87,u
70,88,u
70,89,u
70,90,u
70,91,u
70,92,u
70,93,u
70,94,u
70,95,b
70,96,u
70,97,u
70,98,u
70,99,b
70,100,b
71,0,u
71,1,u
71,2,u
71,3,u
71,4,b
71,5,u
71,6,u
71,7,u
71,8,u
71,9,u
71,10,b
71,11,u
71,12,u
71,13,u
71,14,u
71,15,b
71,16,u
71,17,u
71,18,b
71,19,u
71,20,u
71,21,u
71,22,b
71,23,u
71,24,u
71,25,b
71,26,u
71,27,u
71,28,b
71,29,u
71,30,u
71,31,b
71,32,u
71,33,u
71,34,b
71,35,u
71,36,u
71,37,u
71,38,b
71,39,u
71,40,b
71,41,u
71,42,b
71,43,u
71,44,b
71,45,u
71,46,u
71,47,b
71,48,b
71,49,u
71,50,b
71,51,u
71,52,u
71,53,u
71,54,u
71,55,u
71,56,b
71,57,u
71,58,u
71,59,u
71,60,b
71,61,b
71,62,u
71,63,u
71,64,u
71,65,b
71,66,u
71,67,u
71,68,u
71,69,u
71,70,u
71,71,u
71,72,b
71,73,u
71,74,u
71,75,u
71,76,b
71,77,u
71,78,u
71,79,b
71,80,u
71,81,u
71,82,b
71,83,u
71,84,u
71,85,b
71,86,b
71,87,b
71,88,u
71,89,b
71,90,u
71,91,u
71,92,u
71,93,u
71,94,b
71,95,u
71,96,u
71,97,u
71,98,u
71,99,u
71,100,u
72,0,u
72,1,b
72,2,u
72,3,u
72,4,u
72,5,u
72,6,u
72,7,u
72,8,u
72,9,u
72,10,u
72,11,b
72,12,b
72,13,b
72,14,u
72,15,u
72,16,b
72,17,u
72,18,b
72,19,u
72,20,b
72,21,u
72,22,u
72,23,u
72,24,u
72,25,u
72,26,b
72,27,u
72,28,u
72,29,u
72,30,u
72,31,u
72,32,u
72,33,u
72,34,u
72,35,u
72,36,u
72,37,b
72,38,b
72,39,u
72,40,u
72,41,u
72,42,u
72,43,u
72,44,u
72,45,u
72,46,u
72,47,u
72,48,u
72,49,u
72,50,u
72,51,u
72,52,u
72,53,u
72,54,u
72,55,u
72,56,u
72,57,b
72,58,b
72,59,u
72,60,u
72,61,u
72,62,b
72,63,u
72,64,u
72,65,b
72,66,u
72,67,b
72,68,u
72,69,u
72,70,u
72,71,u
72,72,u
72,73,b
72,74,u
72,75,b
72,76,u
72,77,b
72,78,u
72,79,b
72,80,u
72,81,b
72,82,u
72,83,b
72,84,u
72,85,b
72,86,u
72,87,b
72,88,u
72,89,u
72,90,u
72,91,u
72,92,u
72,93,u
72,94,u
72,95,u
72,96,u
72,97,u
72,98,b
72,99,b
72,100,u
73,0,b
73,1,u
73,2,b
73,3,u
73,4,u
73,5,u
73,6,b
73,7,b
73,8,b
73,9,u
73,10,b
73,11,b
73,12,b
73,13,u
73,14,u
73,15,u
73,16,u
73,17,u
73,18,u
73,19,u
73,20,b
73,21,u
73,22,u
73,23,u
73,24,b
73,25,u
73,26,u
73,27,b
73,28,b
73,29,b
73,30,u
73,31,u
73,32,u
73,33,u
73,34,u
73,35,u
73,36,u
73,37,u
73,38,u
73,39,b
73,40,u
73,41,b
73,42,u
73,43,u
73,44,u
73,45,u
73,46,u
73,47,b
73,48,u
73,49,b
73,50,b
73,51,b
73,52,u
73,53,b
73,54,u
73,55,u
73,56,u
73,57,u
73,58,u
73,59,b
73,60,u
73,61,u
73,62,u
73,63,u
73,64,b
73,65,u
73,66,u
73,67,b
73,68,b
73,69,u
73,70,u
73,71,u
73,72,u
73,73,b
73,74,b
73,75,b
73,76,u
73,77,u
73,78,u
73,79,u
73,80,u
73,81,u
73,82,u
73,83,u
73,84,u
73,85,u
73,86,u
73,87,u
73,88,u
73,89,u
73,90,b
73,91,u
73,92,u
73,93,u
73,94,b
73,95,u
73,96,u
73,97,u
73,98,b
73,99,u
73,100,b
74,0,b
74,1,u
74,2,b
74,3,u
74,4,b
74,5,u
74,6,u
74,7,u
74,8,u
74,9,u
74,10,u
74,11,u
74,12,u
74,13,b
74,14,u
74,15,u
74,16,u
74,17,u
74,18,u
74,19,u
74,20,u
74,21,u
74,22,b
74,23,u
74,24,u
74,25,u
74,26,u
74,27,b
74,28,u
74,29,b
74,30,b
74,31,u
74,32,u
74,33,u
74,34,u
74,35,u
74,36,u
74,37,u
74,38,u
74,39,b
74,40,b
74,41,u
74,42,u
74,43,u
74,44,u
74,45,u
74,46,b
74,47,u
74,48,b
74,49,u
74,50,u
74,51,b
74,52,b
74,53,u
74,54,u
74,55,u
74,56,u
74,57,u
74,58,u
74,59,u
74,60,b
74,61,u
74,62,u
74,63,b
74,64,b
74,65,u
74,66,b
74,67,u
74,68,u
74,69,u
74,70,u
74,71,u
74,72,b
74,73,b
74,74,b
74,75,u
74,76,u
74,77,b
74,78,u
74,79,b
74,80,u
74,81,u
74,82,b
74,83,b
74,84,b
74,85,u
74,86,u
74,87,b
74,88,b
74,89,u
74,90,u
74,91,u
74,92,u
74,93,u
74,94,b
74,95,u
74,96,b
74,97,b
74,98,u
74,99,u
74,100,u
75,0,u
75,1,u
75,2,b
75,3,b
75,4,u
75,5,u
75,6,b
75,7,u
75,8,b
75,9,u
75,10,u
75,11,u
75,12,u
75,13,u
75,14,u
75,15,b
75,16,u
75,17,b
75,18,u
75,19,u
75,20,u
75,21,u
75,22,u
75,23,b
75,24,b
75,25,b
75,26,u
75,27,u
75,28,u
75,29,b
75,30,u
75,31,u
75,32,b
75,33,u
75,34,u
75,35,u
75,36,b
75,37,u
75,38,u
75,39,u
75,40,u
75,41,u
75,42,u
75,43,u
75,44,u
75,45,u
75,46,b
75,47,u
75,48,u
75,49,b
75,50,b
75,51,b
75,52,u
75,53,u
75,54,u
75,55,u
75,56,u
75,57,b
75,58,b
75,59,u
75,60,b
75,61,u
75,62,b
75,63,u
75,64,b
75,65,u
75,66,u
75,67,b
75,68,u
75,69,u
75,70,b
75,71,u
75,72,u
75,73,u
75,74,u
75,75,u
75,76,u
75,77,u
75,78,u
75,79,b
75,80,b
75,81,b
75,82,u
75,83,u
75,84,b
75,85,u
75,86,u
75,87,b
75,88,u
75,89,b
75,90,u
75,91,u
75,92,u
75,93,u
75,94,u
75,95,b
75,96,u
75,97,u
75,98,b
75,99,b
75,100,u
76,0,b
76,1,u
76,2,u
76,3,u
76,4,u
76,5,u
76,6,u
76,7,u
76,8,u
76,9,b
76,10,u
76,11,b
76,12,b
76,13,u
76,14,b
76,15,u
76,16,u
76,17,b
76,18,u
76,19,u
76,20,u
76,21,b
76,22,u
76,23,b
76,24,u
76,25,b
76,26,u
76,27,b
76,28,u
76,29,b
76,30,u
76,31,u
76,32,u
76,33,b
76,34,u
76,35,u
76,36,u
76,37,u
76,38,u
76,39,u
76,40,u
76,41,u
76,42,u
76,43,b
76,44,b
76,45,b
76,46,u
76,47,u
76,48,b
76,49,u
76,50,u
76,51,b
76,52,b
76,53,b
76,54,u
76,55,u
76,56,b
76,57,u
76,58,u
76,59,u
76,60,u
76,61,u
76,62,u
76,63,u
76,64,u
76,65,u
76,66,b
76,67,u
76,68,b
76,69,b
76,70,u
76,71,u
76,72,u
76,73,u
76,74,u
76,75,b
76,76,u
76,77,u
76,78,u
76,79,u
76,80,u
76,81,u
76,82,b
76,83,b
76,84,b
76,85,u
76,86,u
76,87,u
76,88,u
76,89,u
76,90,u
76,91,b
76,92,u
76,93,b
76,94,u
76,95,u
76,96,u
76,97,b
76,98,u
76,99,u
76,100,b
77,0,u
77,1,u
77,2,u
77,3,u
77,4,u
77,5,u
77,6,u
77,7,u
77,8,u
77,9,u
77,10,b
77,11,u
77,12,b
77,13,b
77,14,u
77,15,b
77,16,u
77,17,b
77,18,u
77,19,u
77,20,u
77,21,u
77,22,u
77,23,u
77,24,b
77,25,b
77,26,u
77,27,b
77,28,u
77,29,b
77,30,u
77,31,u
77,32,u
77,33,b
77,34,u
77,35,u
77,36,b
77,37,u
77,38,b
77,39,u
77,40,u
77,41,u
77,42,u
77,43,u
77,44,u
77,45,b
77,46,u
77,47,b
77,48,u
77,49,b
77,50,u
77,51,u
77,52,u
77,53,b
77,54,b
77,55,u
77,56,u
77,57,u
77,58,u
77,59,u
77,60,b
77,61,u
77,62,b
77,63,u
77,64,b
77,65,u
77,66,u
77,67,b
77,68,u
77,69,u
77,70,u
77,71,u
77,72,u
77,73,u
77,74,u
77,75,u
77,76,u
77,77,u
77,78,b
77,79,u
77,80,u
77,81,u
77,82,b
77,83,u
77,84,b
77,85,b
77,86,b
77,87,b
77,88,b
77,89,u
77,90,u
77,91,b
77,92,u
77,93,u
77,94,u
77,95,u
77,96,u
77,97,b
77,98,u
77,99,u
77,100,u
78,0,b
78,1,u
78,2,u
78,3,u
78,4,u
78,5,b
78,6,u
78,7,u
78,8,u
78,9,u
78,10,u
78,11,u
78,12,b
78,13,u
78,14,u
78,15,u
78,16,u
78,17,u
78,18,u
78,19,u
78,20,u
78,21,b
78,22,b
78,23,u
78,24,u
78,25,u
78,26,u
78,27,u
78,28,u
78,29,u
78,30,u
78,31,b
78,32,u
78,33,b
78,34,u
78,35,u
78,36,u
78,37,u
78,38,u
78,39,u
78,40,u
78,41,u
78,42,b
78,43,b
78,44,b
78,45,b
78,46,b
78,47,u
78,48,b
78,49,u
78,50,u
78,51,u
78,52,u
78,53,b
78,54,b
78,55,b
78,56,u
78,57,u
78,58,u
78,59,b
78,60,u
78,61,u
78,62,b
78,63,b
78,64,b
78,65,b
78,66,u
78,67,u
78,68,u
78,69,u
78,70,u
78,71,u
78,72,u
78,73,u
78,74,u
78,75,u
78,76,b
78,77,b
78,78,u
78,79,b
78,80,u
78,81,u
78,82,u
78,83,u
78,84,b
78,85,b
78,86,u
78,87,b
78,88,b
78,89,u
78,90,u
78,91,u
78,92,u
78,93,u
78,94,u
78,95,b
78,96,u
78,97,u
78,98,u
78,99,u
78,100,u
79,0,u
79,1,u
79,2,u
79,3,u
79,4,u
79,5,u
79,6,b
79,7,u
79,8,u
79,9,u
79,10,b
79,11,b
79,12,u
79,13,b
79,14,u
79,15,u
79,16,b
79,17,b
79,18,b
79,19,u
79,20,u
79,21,u
79,22,u
79,23,u
79,24,u
79,25,u
79,26,b
79,27,u
79,28,u
79,29,u
79,30,u
79,31,u
79,32,b
79,33,u
79,34,u
79,35,u
79,36,b
79,37,u
79,38,u
79,39,u
79,40,u
79,41,u
79,42,u
79,43,u
79,44,u
79,45,u
79,46,u
79,47,b
79,48,u
79,49,u
79,50,u
79,51,u
79,52,u
79,53,u
79,54,u
79,55,u
79,56,u
79,57,u
79,58,u
79,59,u
79,60,b
79,61,u
79,62,u
79,63,b
79,64,u
79,65,u
79,66,b
79,67,u
79,68,b
79,69,u
79,70,u
79,71,u
79,72,u
79,73,b
79,74,b
79,75,u
79,76,u
79,77,u
79,78,u
79,79,u
79,80,u
79,81,u
79,82,u
79,83,u
79,84,u
79,85,u
79,86,u
79,87,u
79,88,u
79,89,u
79,90,b
79,91,u
79,92,u
79,93,u
79,94,u
79,95,u
79,96,u
79,97,u
79,98,b
79,99,b
79,100,u
80,0,u
80,1,u
80,2,b
80,3,b
80,4,u
80,5,u
80,6,u
80,7,u
80,8,u
80,9,u
80,10,u
80,11,b
80,12,u
80,13,u
80,14,u
80,15,u
80,16,u
80,17,u
80,18,b
80,19,u
80,20,u
80,21,u
80,22,u
80,23,b
80,24,b
80,25,u
80,26,b
80,27,u
80,28,u
80,29,u
80,30,u
80,31,b
80,32,b
80,33,u
80,34,u
80,35,u
80,36,u
80,37,u
80,38,u
80,39,u
80,40,u
80,41,b
80,42,b
80,43,u
80,44,b
80,45,b
80,46,u
80,47,u
80,48,b
80,49,b
80,50,b
80,51,b
80,52,u
80,53,u
80,54,u
80,55,b
80,56,u
80,57,b
80,58,u
80,59,u
80,60,u
80,61,b
80,62,b
80,63,b
80,64,u
80,65,b
80,66,b
80,67,u
80,68,u
80,69,u
80,70,b
80,71,u
80,72,u
80,73,u
80,74,u
80,75,u
80,76,u
80,77,b
80,78,u
80,79,b
80,80,b
80,81,u
80,82,u
80,83,u
80,84,u
80,85,b
80,86,b
80,87,u
80,88,b
80,89,u
80,90,u
80,91,u
80,92,u
80,93,u
80,94,u
80,95,u
80,96,u
80,97,u
80,98,u
80,99,b
80,100,u
81,0,u
81,1,u
81,2,b
81,3,u
81,4,u
81,5,u
81,6,u
81,7,b
81,8,u
81,9,u
81,10,u
81,11,b
81,12,u
81,13,u
81,14,u
81,15,b
81,16,u
81,17,b
81,18,u
81,19,u
81,20,b
81,21,b
81,22,b
81,23,u
81,24,b
81,25,u
81,26,u
81,27,b
81,28,u
81,29,u
81,30,u
81,31,u
81,32,u
81,33,u
81,34,u
81,35,b
81,36,u
81,37,u
81,38,u
81,39,u
81,40,u
81,41,b
81,42,u
81,43,u
81,44,u
81,45,u
81,46,u
81,47,u
81,48,u
81,49,u
81,50,u
81,51,b
81,52,u
81,53,b
81,54,b
81,55,b
81,56,b
81,57,u
81,58,u
81,59,u
81,60,b
81,61,b
81,62,u
81,63,u
81,64,b
81,65,u
81,66,u
81,67,u
81,68,u
81,69,u
81,70,u
81,71,u
81,72,b
81,73,u
81,74,u
81,75,b
81,76,b
81,77,u
81,78,b
81,79,u
81,80,u
81,81,u
81,82,b
81,83,u
81,84,u
81,85,b
81,86,u
81,87,u
81,88,b
81,89,b
81,90,u
81,91,u
81,92,b
81,93,b
81,94,u
81,95,u
81,96,u
81,97,u
81,98,u
81,99,u
81,100,b
82,0,b
82,1,u
82,2,u
82,3,u
82,4,u
82,5,u
82,6,u
82,7,u
82,8,u
82,9,u
82,10,u
82,11,u
82,12,b
82,13,u
82,14,u
82,15,u
82,16,b
82,17,b
82,18,u
82,19,u
82,20,u
82,21,u
82,22,u
82,23,b
82,24,u
82,25,u
82,26,u
82,27,u
82,28,b
82,29,u
82,30,u
82,31,b
82,32,u
82,33,u
82,34,u
82,35,u
82,36,u
82,37,u
82,38,u
82,39,u
82,40,u
82,41,b
82,42,u
82,43,u
82,44,b
82,45,u
82,46,u
82,47,b
82,48,u
82,49,u
82,50,u
82,51,u
82,52,u
82,53,u
82,54,u
82,55,u
82,56,u
82,57,b
82,58,b
82,59,b
82,60,b
82,61,u
82,62,b
82,63,u
82,64,u
82,65,u
82,66,u
82,67,u
82,68,u
82,69,b
82,70,u
82,71,u
82,72,u
82,73,u
82,74,u
82,75,u
82,76,b
82,77,u
82,78,b
82,79,u
82,80,u
82,81,u
82,82,u
82,83,u
82,84,b
82,85,u
82,86,u
82,87,b
82,88,b
82,89,u
82,90,u
82,91,u
82,92,b
82,93,b
82,94,u
82,95,u
82,96,u
82,97,u
82,98,u
82,99,u
82,100,b
83,0,u
83,1,u
83,2,u
83,3,u
83,4,u
83,5,u
83,6,u
83,7,u
83,8,b
83,9,u
83,10,u
83,11,u
83,12,u
83,13,u
83,14,b
83,15,u
83,16,b
83,17,u
83,18,u
83,19,u
83,20,b
83,21,u
83,22,b
83,23,b
83,24,b
83,25,u
83,26,b
83,27,u
83,28,u
83,29,b
83,30,b
83,31,u
83,32,u
83,33,u
83,34,b
83,35,b
83,36,u
83,37,u
83,38,u
83,39,b
83,40,u
83,41,u
83,42,b
83,43,b
83,44,u
83,45,u
83,46,u
83,47,b
83,48,u
83,49,u
83,50,u
83,51,u
83,52,u
83,53,u
83,54,u
83,55,b
83,56,b
83,57,u
83,58,u
83,59,u
83,60,u
83,61,b
83,62,u
83,63,u
83,64,u
83,65,u
83,66,u
83,67,u
83,68,u
83,69,b
83,70,u
83,71,b
83,72,u
83,73,u
83,74,u
83,75,b
83,76,b
83,77,b
83,78,u
83,79,b
83,80,u
83,81,u
83,82,u
83,83,u
83,84,b
83,85,b
83,86,u
83,87,u
83,88,b
83,89,u
83,90,u
83,91,u
83,92,b
83,93,u
83,94,b
83,95,b
83,96,u
83,97,u
83,98,b
83,99,b
83,100,u
84,0,u
84,1,u
84,2,u
84,3,u
84,4,b
84,5,u
84,6,u
84,7,u
84,8,b
84,9,u
84,10,u
84,11,b
84,12,u
84,13,u
84,14,u
84,15,u
84,16,u
84,17,b
84,18,u
84,19,u
84,20,u
84,21,u
84,22,u
84,23,u
84,24,u
84,25,u
84,26,b
84,27,u
84,28,b
84,29,u
84,30,u
84,31,u
84,32,b
84,33,b
84,34,u
84,35,b
84,36,u
84,37,u
84,38,u
84,39,b
84,40,b
84,41,u
84,42,u
84,43,u
84,44,b
84,45,u
84,46,u
84,47,u
84,48,u
84,49,b
84,50,b
84,51,b
84,52,u
84,53,u
84,54,u
84,55,b
84,56,u
84,57,b
84,58,b
84,59,u
84,60,b
84,61,u
84,62,u
84,63,b
84,64,b
84,65,u
84,66,u
84,67,u
84,68,b
84,69,b
84,70,u
84,71,u
84,72,u
84,73,u
84,74,u
84,75,b
84,76,u
84,77,b
84,78,u
84,79,u
84,80,u
84,81,u
84,82,u
84,83,u
84,84,u
84,85,u
84,86,u
84,87,b
84,88,u
84,89,b
84,90,b
84,91,b
84,92,u
84,93,u
84,94,u
84,95,u
84,96,u
84,97,u
84,98,b
84,99,u
84,100,u
85,0,b
85,1,u
85,2,u
85,3,u
85,4,u
85,5,u
85,6,u
85,7,u
85,8,b
85,9,b
85,10,u
85,11,u
85,12,u
85,13,u
85,14,u
85,15,b
85,16,b
85,17,b
85,18,b
85,19,u
85,20,u
85,21,u
85,22,u
85,23,b
85,24,u
85,25,u
85,26,u
85,27,u
85,28,u
85,29,u
85,30,u
85,31,u
85,32,u
85,33,u
85,34,b
85,35,b
85,36,u
85,37,u
85,38,u
85,39,b
85,40,b
85,41,b
85,42,u
85,43,b
85,44,u
85,45,u
85,46,b
85,47,b
85,48,b
85,49,u
85,50,u
85,51,u
85,52,u
85,53,b
85,54,b
85,55,u
85,56,b
85,57,b
85,58,b
85,59,b
85,60,u
85,61,u
85,62,b
85,63,b
85,64,b
85,65,u
85,66,b
85,67,u
85,68,b
85,69,u
85,70,u
85,71,b
85,72,b
85,73,u
85,74,u
85,75,b
85,76,u
85,77,b
85,78,u
85,79,u
85,80,b
85,81,b
85,82,u
85,83,u
85,84,u
85,85,u
85,86,u
85,87,u
85,88,u
85,89,b
85,90,u
85,91,b
85,92,b
85,93,u
85,94,b
85,95,u
85,96,u
85,97,u
85,98,u
85,99,u
85,100,b
86,0,u
86,1,u
86,2,u
86,3,b
86,4,u
86,5,b
86,6,u
86,7,u
86,8,b
86,9,u
86,10,u
86,11,b
86,12,u
86,13,b
86,14,u
86,15,u
86,16,b
86,17,u
86,18,u
86,19,u
86,20,u
86,21,b
86,22,u
86,23,u
86,24,u
86,25,b
86,26,u
86,27,u
86,28,u
86,29,u
86,30,b
86,31,u
86,32,u
86,33,u
86,34,b
86,35,b
86,36,u
86,37,b
86,38,u
86,39,u
86,40,b
86,41,u
86,42,u
86,43,u
86,44,u
86,45,u
86,46,u
86,47,b
86,48,u
86,49,u
86,50,u
86,51,u
86,52,b
86,53,u
86,54,u
86,55,u
86,56,u
86,57,b
86,58,b
86,59,u
86,60,u
86,61,u
86,62,u
86,63,u
86,64,u
86,65,u
86,66,b
86,67,u
86,68,u
86,69,u
86,70,u
86,71,u
86,72,u
86,73,u
86,74,u
86,75,b
86,76,u
86,77,u
86,78,u
86,79,u
86,80,u
86,81,u
86,82,b
86,83,b
86,84,u
86,85,b
86,86,u
86,87,u
86,88,u
86,89,u
86,90,u
86,91,u
86,92,u
86,93,u
86,94,u
86,95,u
86,96,u
86,97,u
86,98,b
86,99,u
86,100,u
87,0,u
87,1,b
87,2,u
87,3,u
87,4,u
87,5,b
87,6,b
87,7,u
87,8,u
87,9,u
87,10,u
87,11,u
87,12,u
87,13,u
87,14,b
87,15,u
87,16,b
87,17,u
87,18,u
87,19,u
87,20,u
87,21,u
87,22,u
87,23,b
87,24,u
87,25,u
87,26,u
87,27,b
87,28,b
87,29,u
87,30,u
87,31,u
87,32,u
87,33,u
87,34,u
87,35,u
87,36,b
87,37,u
87,38,u
87,39,b
87,40,u
87,41,u
87,42,u
87,43,u
87,44,u
87,45,u
87,46,u
87,47,u
87,48,u
87,49,u
87,50,u
87,51,b
87,52,u
87,53,u
87,54,u
87,55,u
87,56,u
87,57,u
87,58,u
87,59,u
87,60,u
87,61,b
87,62,u
87,63,b
87,64,b
87,65,u
87,66,b
87,67,u
87,68,b
87,69,b
87,70,u
87,71,u
87,72,b
87,73,u
87,74,u
87,75,u
87,76,b
87,77,b
87,78,u
87,79,b
87,80,u
87,81,u
87,82,b
87,83,u
87,84,b
87,85,b
87,86,b
87,87,u
87,88,u
87,89,b
87,90,u
87,91,u
87,92,u
87,93,b
87,94,u
87,95,u
87,96,b
87,97,u
87,98,u
87,99,b
87,100,u
88,0,u
88,1,b
88,2,b
88,3,u
88,4,u
88,5,u
88,6,u
88,7,u
88,8,u
88,9,u
88,10,b
88,11,u
88,12,u
88,13,b
88,14,u
88,15,u
88,16,u
88,17,u
88,18,b
88,19,u
88,20,u
88,21,b
88,22,u
88,23,u
88,24,b
88,25,u
88,26,u
88,27,u
88,28,b
88,29,u
88,30,b
88,31,u
88,32,u
88,33,u
88,34,u
88,35,u
88,36,b
88,37,u
88,38,u
88,39,u
88,40,u
88,41,u
88,42,u
88,43,b
88,44,u
88,45,u
88,46,u
88,47,u
88,48,u
88,49,b
88,50,u
88,51,b
88,52,u
88,53,u
88,54,b
88,55,u
88,56,b
88,57,b
88,58,u
88,59,u
88,60,b
88,61,u
88,62,u
88,63,u
88,64,b
88,65,u
88,66,b
88,67,u
88,68,u
88,69,u
88,70,u
88,71,u
88,72,u
88,73,b
88,74,u
88,75,u
88,76,u
88,77,b
88,78,u
88,79,u
88,80,u
88,81,u
88,82,u
88,83,u
88,84,u
88,85,u
88,86,u
88,87,u
88,88,u
88,89,u
88,90,b
88,91,u
88,92,b
88,93,u
88,94,b
88,95,b
88,96,u
88,97,u
88,98,b
88,99,u
88,100,u
89,0,u
89,1,u
89,2,u
89,3,u
89,4,u
89,5,u
89,6,b
89,7,b
89,8,b
89,9,u
89,10,u
89,11,u
89,12,u
89,13,u
89,14,u
89,15,b
89,16,u
89,17,u
89,18,b
89,19,u
89,20,u
89,21,u
89,22,u
89,23,u
89,24,u
89,25,u
89,26,u
89,27,u
89,28,u
89,29,u
89,30,u
89,31,u
89,32,u
89,33,b
89,34,u
89,35,u
89,36,u
89,37,u
89,38,u
89,39,u
89,40,u
89,41,b
89,42,u
89,43,u
89,44,b
89,45,u
89,46,u
89,47,u
89,48,u
89,49,u
89,50,u
89,51,u
89,52,u
89,53,u
89,54,u
89,55,u
89,56,u
89,57,u
89,58,u
89,59,u
89,60,b
89,61,u
89,62,b
89,63,u
89,64,u
89,65,u
89,66,u
89,67,u
89,68,b
89,69,u
89,70,b
89,71,u
89,72,u
89,73,b
89,74,b
89,75,b
89,76,u
89,77,u
89,78,u
89,79,u
89,80,b
89,81,u
89,82,u
89,83,u
89,84,b
89,85,u
89,86,b
89,87,u
89,88,u
89,89,u
89,90,u
89,91,u
89,92,u
89,93,u
89,94,u
89,95,u
89,96,b
89,97,u
89,98,u
89,99,b
89,100,u
90,0,b
90,1,u
90,2,b
90,3,b
90,4,u
90,5,u
90,6,b
90,7,u
90,8,u
90,9,b
90,10,u
90,11,u
90,12,u
90,13,u
90,14,u
90,15,b
90,16,b
90,17,u
90,18,u
90,19,b
90,20,u
90,21,u
90,22,u
90,23,u
90,24,u
90,25,u
90,26,u
90,27,u
90,28,b
90,29,b
90,30,u
90,31,u
90,32,b
90,33,u
90,34,u
90,35,b
90,36,u
90,37,u
90,38,u
90,39,u
90,40,u
90,41,u
90,42,b
90,43,b
90,44,u
90,45,u
90,46,b
90,47,b
90,48,b
90,49,u
90,50,u
90,51,b
90,52,b
90,53,u
90,54,u
90,55,u
90,56,b
90,57,b
90,58,b
90,59,u
90,60,b
90,61,b
90,62,b
90,63,u
90,64,u
90,65,u
90,66,u
90,67,b
90,68,u
90,69,u
90,70,u
90,71,u
90,72,u
90,73,u
90,74,u
90,75,u
90,76,u
90,77,b
90,78,u
90,79,u
90,80,u
90,81,b
90,82,u
90,83,u
90,84,u
90,85,u
90,86,u
90,87,u
90,88,u
90,89,b
90,90,u
90,91,u
90,92,u
90,93,b
90,94,u
90,95,u
90,96,b
90,97,u
90,98,b
90,99,u
90,100,b
91,0,u
91,1,u
91,2,b
91,3,u
91,4,b
91,5,u
91,6,b
91,7,b
91,8,b
91,9,u
91,10,u
91,11,u
91,12,u
91,13,u
91,14,u
91,15,u
91,16,b
91,17,u
91,18,u
91,19,u
91,20,u
91,21,b
91,22,u
91,23,u
91,24,b
91,25,u
91,26,b
91,27,u
91,28,u
91,29,u
91,30,u
91,31,b
91,32,u
91,33,b
91,34,b
91,35,u
91,36,u
91,37,u
91,38,u
91,39,u
91,40,b
91,41,u
91,42,b
91,43,u
91,44,b
91,45,u
91,46,u
91,47,b
91,48,u
91,49,u
91,50,u
91,51,u
91,52,u
91,53,u
91,54,u
91,55,u
91,56,b
91,57,u
91,58,u
91,59,b
91,60,b
91,61,u
91,62,u
91,63,u
91,64,u
91,65,b
91,66,u
91,67,b
91,68,b
91,69,u
91,70,u
91,71,b
91,72,u
91,73,u
91,74,u
91,75,b
91,76,b
91,77,u
91,78,b
91,79,u
91,80,u
91,81,u
91,82,u
91,83,u
91,84,u
91,85,u
91,86,u
91,87,u
91,88,b
91,89,u
91,90,b
91,91,u
91,92,b
91,93,b
91,94,b
91,95,b
91,96,u
91,97,b
91,98,u
91,99,u
91,100,b
92,0,u
92,1,b
92,2,u
92,3,u
92,4,u
92,5,u
92,6,u
92,7,u
92,8,u
92,9,u
92,10,u
92,11,u
92,12,u
92,13,b
92,14,b
92,15,u
92,16,b
92,17,u
92,18,u
92,19,u
92,20,b
92,21,u
92,22,u
92,23,b
92,24,u
92,25,u
92,26,u
92,27,u
92,28,u
92,29,u
92,30,u
92,31,b
92,32,u
92,33,b
92,34,u
92,35,u
92,36,u
92,37,u
92,38,u
92,39,u
92,40,b
92,41,u
92,42,u
92,43,u
92,44,u
92,45,u
92,46,b
92,47,u
92,48,u
92,49,u
92,50,b
92,51,u
92,52,u
92,53,u
92,54,u
92,55,u
92,56,u
92,57,u
92,58,b
92,59,u
92,60,u
92,61,b
92,62,b
92,63,u
92,64,u
92,65,u
92,66,u
92,67,b
92,68,u
92,69,u
92,70,b
92,71,u
92,72,u
92,73,u
92,74,b
92,75,b
92,76,b
92,77,u
92,78,b
92,79,b
92,80,b
92,81,u
92,82,u
92,83,u
92,84,u
92,85,u
92,86,u
92,87,u
92,88,u
92,89,u
92,90,u
92,91,b
92,92,u
92,93,u
92,94,u
92,95,u
92,96,u
92,97,u
92,98,b
92,99,u
92,100,u
93,0,b
93,1,b
93,2,b
93,3,u
93,4,u
93,5,u
93,6,u
93,7,b
93,8,u
93,9,b
93,10,u
93,11,b
93,12,u
93,13,u
93,14,b
93,15,u
93,16,u
93,17,u
93,18,u
93,19,b
93,20,b
93,21,b
93,22,u
93,23,u
93,24,u
93,25,b
93,26,u
93,27,u
93,28,u
93,29,b
93,30,b
93,31,b
93,32,u
93,33,u
93,34,u
93,35,u
93,36,u
93,37,b
93,38,u
93,39,u
93,40,u
93,41,u
93,42,b
93,43,u
93,44,u
93,45,u
93,46,u
93,47,u
93,48,u
93,49,u
93,50,u
93,51,u
93,52,u
93,53,u
93,54,u
93,55,u
93,56,u
93,57,u
93,58,b
93,59,b
93,60,u
93,61,u
93,62,b
93,63,u
93,64,u
93,65,b
93,66,u
93,67,b
93,68,u
93,69,u
93,70,u
93,71,u
93,72,u
93,73,u
93,74,b
93,75,u
93,76,u
93,77,u
93,78,u
93,79,u
93,80,u
93,81,b
93,82,b
93,83,u
93,84,u
93,85,u
93,86,u
93,87,u
93,88,u
93,89,b
93,90,b
93,91,b
93,92,b
93,93,b
93,94,u
93,95,u
93,96,b
93,97,u
93,98,u
93,99,u
93,100,u
94,0,u
94,1,u
94,2,b
94,3,b
94,4,u
94,5,u
94,6,u
94,7,u
94,8,b
94,9,u
94,10,u
94,11,u
94,12,u
94,13,u
94,14,u
94,15,u
94,16,u
94,17,u
94,18,u
94,19,u
94,20,b
94,21,u
94,22,u
94,23,u
94,24,u
94,25,u
94,26,b
94,27,u
94,28,u
94,29,b
94,30,b
94,31,b
94,32,u
94,33,u
94,34,u
94,35,u
94,36,u
94,37,b
94,38,u
94,39,u
94,40,u
94,41,u
94,42,u
94,43,u
94,44,u
94,45,u
94,46,u
94,47,u
94,48,u
94,49,u
94,50,b
94,51,b
94,52,u
94,53,u
94,54,u
94,55,u
94,56,b
94,57,u
94,58,u
94,59,u
94,60,u
94,61,u
94,62,u
94,63,b
94,64,u
94,65,b
94,66,u
94,67,b
94,68,b
94,69,u
94,70,u
94,71,u
94,72,u
94,73,u
94,74,b
94,75,u
94,76,u
94,77,u
94,78,u
94,79,u
94,80,b
94,81,u
94,82,u
94,83,u
94,84,b
94,85,u
94,86,u
94,87,b
94,88,b
94,89,u
94,90,b
94,91,b
94,92,u
94,93,b
94,94,b
94,95,b
94,96,u
94,97,u
94,98,u
94,99,u
94,100,u
95,0,u
95,1,u
95,2,u
95,3,u
95,4,u
95,5,u
95,6,b
95,7,u
95,8,u
95,9,b
95,10,b
95,11,b
95,12,b
95,13,b
95,14,b
95,15,u
95,16,b
95,17,b
95,18,u
95,19,b
95,20,b
95,21,u
95,22,u
95,23,u
95,24,u
95,25,u
95,26,b
95,27,u
95,28,b
95,29,b
95,30,u
95,31,b
95,32,u
95,33,b
95,34,u
95,35,u
95,36,u
95,37,u
95,38,u
95,39,u
95,40,b
95,41,b
95,42,b
95,43,u
95,44,b
95,45,u
95,46,u
95,47,u
95,48,u
95,49,b
95,50,u
95,51,u
95,52,u
95,53,u
95,54,u
95,55,u
95,56,b
95,57,u
95,58,u
95,59,u
95,60,b
95,61,u
95,62,u
95,63,u
95,64,u
95,65,b
95,66,u
95,67,u
95,68,u
95,69,b
95,70,u
95,71,u
95,72,u
95,73,u
95,74,u
95,75,u
95,76,u
95,77,b
95,78,u
95,79,u
95,80,u
95,81,u
95,82,u
95,83,u
95,84,u
95,85,u
95,86,u
95,87,u
95,88,u
95,89,u
95,90,u
95,91,u
95,92,u
95,93,u
95,94,b
95,95,b
95,96,u
95,97,b
95,98,u
95,99,u
95,100,u
96,0,u
96,1,u
96,2,b
96,3,u
96,4,u
96,5,u
96,6,u
96,7,u
96,8,u
96,9,u
96,10,u
96,11,u
96,12,b
96,13,u
96,14,u
96,15,u
96,16,u
96,17,u
96,18,u
96,19,u
96,20,u
96,21,b
96,22,b
96,23,u
96,24,u
96,25,u
96,26,u
96,27,u
96,28,u
96,29,u
96,30,u
96,31,b
96,32,u
96,33,u
96,34,b
96,35,u
96,36,u
96,37,u
96,38,u
96,39,b
96,40,b
96,41,u
96,42,u
96,43,u
96,44,u
96,45,u
96,46,b
96,47,u
96,48,u
96,49,u
96,50,b
96,51,u
96,52,u
96,53,u
96,54,u
96,55,u
96,56,u
96,57,b
96,58,u
96,59,u
96,60,u
96,61,u
96,62,u
96,63,b
96,64,u
96,65,b
96,66,u
96,67,b
96,68,u
96,69,u
96,70,u
96,71,b
96,72,u
96,73,u
96,74,u
96,75,u
96,76,u
96,77,u
96,78,u
96,79,u
96,80,u
96,81,u
96,82,b
96,83,u
96,84,u
96,85,u
96,86,u
96,87,u
96,88,u
96,89,b
96,90,u
96,91,u
96,92,u
96,93,b
96,94,u
96,95,u
96,96,b
96,97,b
96,98,u
96,99,u
96,100,u
97,0,u
97,1,b
97,2,u
97,3,u
97,4,u
97,5,u
97,6,u
97,7,u
97,8,u
97,9,u
97,10,b
97,11,b
97,12,b
97,13,u
97,14,u
97,15,b
97,16,u
97,17,b
97,18,u
97,19,b
97,20,u
97,21,b
97,22,b
97,23,u
97,24,u
97,25,b
97,26,b
97,27,b
97,28,b
97,29,b
97,30,b
97,31,u
97,32,u
97,33,b
97,34,u
97,35,u
97,36,u
97,37,u
97,38,b
97,39,u
97,40,u
97,41,u
97,42,u
97,43,u
97,44,u
97,45,u
97,46,b
97,47,u
97,48,u
97,49,u
97,50,u
97,51,b
97,52,u
97,53,u
97,54,u
97,55,b
97,56,b
97,57,b
97,58,u
97,59,u
97,60,u
97,61,u
97,62,u
97,63,u
97,64,u
97,65,b
97,66,b
97,67,b
97,68,u
97,69,b
97,70,u
97,71,u
97,72,u
97,73,u
97,74,b
97,75,b
97,76,u
97,77,b
97,78,b
97,79,u
97,80,u
97,81,u
97,82,u
97,83,b
97,84,u
97,85,u
97,86,u
97,87,u
97,88,b
97,89,u
97,90,u
97,91,u
97,92,b
97,93,u
97,94,u
97,95,u
97,96,u
97,97,u
97,98,b
97,99,b
97,100,u
98,0,u
98,1,b
98,2,u
98,3,u
98,4,u
98,5,u
98,6,u
98,7,b
98,8,u
98,9,u
98,10,u
98,11,u
98,12,b
98,13,b
98,14,u
98,15,b
98,16,u
98,17,u
98,18,b
98,19,u
98,20,b
98,21,u
98,22,u
98,23,u
98,24,u
98,25,b
98,26,u
98,27,u
98,28,b
98,29,u
98,30,u
98,31,b
98,32,u
98,33,u
98,34,u
98,35,u
98,36,u
98,37,u
98,38,u
98,39,u
98,40,u
98,41,u
98,42,u
98,43,u
98,44,b
98,45,u
98,46,b
98,47,b
98,48,u
98,49,u
98,50,u
98,51,b
98,52,u
98,53,b
98,54,u
98,55,u
98,56,u
98,57,u
98,58,u
98,59,u
98,60,u
98,61,u
98,62,u
98,63,u
98,64,b
98,65,b
98,66,u
98,67,u
98,68,u
98,69,u
98,70,u
98,71,u
98,72,u
98,73,u
98,74,u
98,75,b
98,76,u
98,77,u
98,78,u
98,79,u
98,80,b
98,81,u
98,82,u
98,83,u
98,84,b
98,85,b
98,86,u
98,87,b
98,88,u
98,89,u
98,90,u
98,91,b
98,92,u
98,93,b
98,94,u
98,95,b
98,96,u
98,97,b
98,98,u
98,99,u
98,100,u
99,0,b
99,1,u
99,2,u
99,3,u
99,4,u
99,5,b
99,6,u
99,7,b
99,8,u
99,9,u
99,10,b
99,11,u
99,12,b
99,13,u
99,14,u
99,15,u
99,16,u
99,17,u
99,18,b
99,19,b
99,20,u
99,21,u
99,22,u
99,23,u
99,24,u
99,25,b
99,26,b
99,27,b
99,28,b
99,29,u
99,30,b
99,31,u
99,32,u
99,33,u
99,34,u
99,35,u
99,36,u
99,37,u
99,38,u
99,39,b
99,40,b
99,41,u
99,42,u
99,43,u
99,44,b
99,45,b
99,46,u
99,47,u
99,48,u
99,49,b
99,50,b
99,51,u
99,52,b
99,53,u
99,54,b
99,55,u
99,56,b
99,57,b
99,58,b
99,59,u
99,60,b
99,61,b
99,62,b
99,63,u
99,64,b
99,65,u
99,66,u
99,67,u
99,68,u
99,69,u
99,70,u
99,71,b
99,72,u
99,73,b
99,74,u
99,75,u
99,76,u
99,77,b
99,78,u
99,79,u
99,80,u
99,81,u
99,82,b
99,83,u
99,84,b
99,85,u
99,86,b
99,87,b
99,88,b
99,89,u
99,90,u
99,91,u
99,92,u
99,93,b
99,94,u
99,95,b
99,96,b
99,97,u
99,98,u
99,99,u
99,100,u
100,0,u
100,1,u
100,2,b
100,3,u
100,4,b
100,5,u
100,6,u
100,7,b
100,8,u
100,9,u
100,10,u
100,11,u
100,12,u
100,13,u
100,14,u
100,15,u
100,16,u
100,17,b
100,18,b
100,19,u
100,20,b
100,21,b
100,22,b
100,23,b
100,24,u
100,25,u
100,26,u
100,27,u
100,28,b
100,29,u
100,30,u
100,31,u
100,32,u
100,33,u
100,34,u
100,35,u
100,36,u
100,37,b
100,38,u
100,39,b
100,40,b
100,41,b
100,42,b
100,43,u
100,44,u
100,45,b
100,46,u
100,47,u
100,48,u
100,49,b
100,50,u
100,51,b
100,52,u
100,53,u
100,54,b
100,55,u
100,56,u
100,57,u
100,58,u
100,59,u
100,60,u
100,61,u
100,62,b
100,63,b
100,64,b
100,65,b
100,66,u
100,67,u
100,68,u
100,69,u
100,70,b
100,71,b
100,72,b
100,73,b
100,74,b
100,75,b
100,76,b
100,77,u
100,78,b
100,79,u
100,80,u
100,81,u
100,82,b
100,83,u
100,84,u
100,85,b
100,86,u
100,87,b
100,88,u
100,89,u
100,90,u
100,91,b
100,92,u
100,93,u
100,94,b
100,95,u
100,96,u
100,97,b
100,98,u
100,99,u
100,100,u
